job_id,type,res,nodes,start_time,subtime,reqtime,req_finish_time,runtime,actual_finish_time,terminated,finish_time
1,execution_finished,1,[31],10.0,10,86,92.17633508101079,86,92.17633508101079,False,92.17633508101079
2,execution_finished,1,[30],23.0,23,115,128.11170518530804,115,128.11170518530804,False,128.11170518530804
4,execution_finished,1,[30],128.11170518530804,69,134,250.5896920968844,134,250.5896920968844,False,250.5896920968844
3,execution_finished,1,[31],92.17633508101079,40,176,260.35116036307943,176,260.35116036307943,False,260.35116036307943
5,execution_finished,1,[30],250.5896920968844,72,210,442.5328059135339,210,442.5328059135339,False,442.5328059135339
6,execution_finished,1,[31],260.35116036307943,89,197,448.5923000253948,197,448.5923000253948,False,448.5923000253948
7,execution_finished,1,[30],442.5328059135339,123,95,529.3642145448753,95,529.3642145448753,False,529.3642145448753
8,execution_finished,1,[31],448.5923000253948,132,113,556.568182166723,113,556.568182166723,False,556.568182166723
9,execution_finished,1,[30],529.3642145448753,136,98,618.9376676593117,98,618.9376676593117,False,618.9376676593117
10,execution_finished,1,[31],556.568182166723,144,170,719.0097747687211,170,719.0097747687211,False,719.0097747687211
11,execution_finished,1,[30],618.9376676593117,148,120,728.6194469831114,120,728.6194469831114,False,728.6194469831114
13,execution_finished,1,[30],728.6194469831114,173,147,862.979626654766,147,862.979626654766,False,862.979626654766
20,execution_finished,1,[4],800.0,277,86,891.0571497716393,86,891.0571497716393,False,891.0571497716393
12,execution_finished,1,[31],719.0097747687211,166,184,894.8289102908836,184,894.8289102908836,False,894.8289102908836
30,execution_finished,1,[8],800.0,363,113,905.1374196952396,113,905.1374196952396,False,905.1374196952396
31,execution_finished,1,[25],800.0,368,115,906.9627984997056,115,906.9627984997056,False,906.9627984997056
32,execution_finished,1,[13],800.0,372,120,910.4334397269376,120,910.4334397269376,False,910.4334397269376
24,execution_finished,1,[11],800.0,321,116,918.2413312193592,116,918.2413312193592,False,918.2413312193592
39,execution_finished,1,[15],800.0,457,137,920.6166828058341,137,920.6166828058341,False,920.6166828058341
22,execution_finished,1,[6],800.0,302,119,922.1193624637092,119,922.1193624637092,False,922.1193624637092
15,execution_finished,1,[17],800.0,195,106,923.1429331273457,106,923.1429331273457,False,923.1429331273457
21,execution_finished,1,[23],800.0,282,118,924.1140355928397,118,924.1140355928397,False,924.1140355928397
25,execution_finished,1,[7],800.0,325,132,934.4046722985433,132,934.4046722985433,False,934.4046722985433
28,execution_finished,1,[12],800.0,345,140,935.1847672009776,140,935.1847672009776,False,935.1847672009776
38,execution_finished,1,[18],800.0,431,161,942.1847058225501,161,942.1847058225501,False,942.1847058225501
17,execution_finished,1,[24],800.0,225,131,945.5323002886068,131,945.5323002886068,False,945.5323002886068
35,execution_finished,1,[10],800.0,397,168,951.8808040044271,168,951.8808040044271,False,951.8808040044271
36,execution_finished,1,[16],800.0,398,174,957.1796674480837,174,957.1796674480837,False,957.1796674480837
23,execution_finished,1,[21],800.0,312,158,961.2273845062866,158,961.2273845062866,False,961.2273845062866
26,execution_finished,1,[1],800.0,328,163,965.2359841126568,163,965.2359841126568,False,965.2359841126568
34,execution_finished,1,[3],800.0,391,190,972.8766505041353,190,972.8766505041353,False,972.8766505041353
16,execution_finished,1,[9],800.0,198,153,974.1242258824346,153,974.1242258824346,False,974.1242258824346
33,execution_finished,1,[0],800.0,377,191,975.5485962543854,191,975.5485962543854,False,975.5485962543854
29,execution_finished,1,[14],800.0,361,184,977.2612090790233,184,977.2612090790233,False,977.2612090790233
27,execution_finished,1,[5],800.0,329,177,978.7302433360773,177,978.7302433360773,False,978.7302433360773
37,execution_finished,1,[20],800.0,431,207,983.6865248237493,207,983.6865248237493,False,983.6865248237493
19,execution_finished,1,[19],800.0,272,181,995.3395195871349,181,995.3395195871349,False,995.3395195871349
14,execution_finished,1,[2],800.0,178,169,998.5813822301551,169,998.5813822301551,False,998.5813822301551
45,execution_finished,1,[13],910.4334397269376,532,100,1002.4613061660524,100,1002.4613061660524,False,1002.4613061660524
52,execution_finished,1,[12],935.1847672009776,610,74,1006.6395727214943,74,1006.6395727214943,False,1006.6395727214943
40,execution_finished,1,[30],862.979626654766,473,160,1009.221999086499,160,1009.221999086499,False,1009.221999086499
18,execution_finished,1,[22],800.0,251,191,1010.7637188499888,191,1010.7637188499888,False,1010.7637188499888
48,execution_finished,1,[6],922.1193624637092,544,93,1017.5571835487929,93,1017.5571835487929,False,1017.5571835487929
43,execution_finished,1,[8],905.1374196952396,507,136,1031.6744911868554,136,1031.6744911868554,False,1031.6744911868554
47,execution_finished,1,[15],920.6166828058341,534,128,1033.3096419236938,128,1033.3096419236938,False,1033.3096419236938
42,execution_finished,1,[31],894.8289102908836,504,149,1037.2041885126348,149,1037.2041885126348,False,1037.2041885126348
50,execution_finished,1,[23],924.1140355928397,557,122,1052.4353266295045,122,1052.4353266295045,False,1052.4353266295045
49,execution_finished,1,[17],923.1429331273457,547,113,1054.4179467442332,113,1054.4179467442332,False,1054.4179467442332
46,execution_finished,1,[11],918.2413312193592,532,152,1073.178247989554,152,1073.178247989554,False,1073.178247989554
54,execution_finished,1,[24],945.5323002886068,634,117,1075.5115303173627,117,1075.5115303173627,False,1075.5115303173627
61,execution_finished,1,[0],975.5485962543854,716,112,1078.4880872517215,112,1078.4880872517215,False,1078.4880872517215
41,execution_finished,1,[4],891.0571497716393,494,182,1083.7594899860387,182,1083.7594899860387,False,1083.7594899860387
44,execution_finished,1,[25],906.9627984997056,508,196,1089.2646115948562,196,1089.2646115948562,False,1089.2646115948562
62,execution_finished,1,[14],977.2612090790233,719,119,1091.902969298609,119,1091.902969298609,False,1091.902969298609
58,execution_finished,1,[1],965.2359841126568,663,143,1110.1976143464599,143,1110.1976143464599,False,1110.1976143464599
67,execution_finished,1,[13],1002.4613061660524,759,118,1111.0541885642078,118,1111.0541885642078,False,1111.0541885642078
53,execution_finished,1,[18],942.1847058225501,630,198,1117.0453999397237,198,1117.0453999397237,False,1117.0453999397237
55,execution_finished,1,[10],951.8808040044271,650,190,1123.6507609141959,190,1123.6507609141959,False,1123.6507609141959
59,execution_finished,1,[3],972.8766505041353,669,168,1125.7360046341078,168,1125.7360046341078,False,1125.7360046341078
64,execution_finished,1,[20],983.6865248237493,737,167,1131.878069005228,167,1131.878069005228,False,1131.878069005228
69,execution_finished,1,[30],1009.221999086499,764,138,1135.3560453088687,138,1135.3560453088687,False,1135.3560453088687
57,execution_finished,1,[21],961.2273845062866,655,176,1140.8224457284794,176,1140.8224457284794,False,1140.8224457284794
51,execution_finished,1,[7],934.4046722985433,588,209,1147.2120701045703,209,1147.2120701045703,False,1147.2120701045703
71,execution_finished,1,[6],1017.5571835487929,786,128,1148.9124641820263,128,1148.9124641820263,False,1148.9124641820263
56,execution_finished,1,[16],957.1796674480837,653,216,1152.2992546250152,216,1152.2992546250152,False,1152.2992546250152
63,execution_finished,1,[5],978.7302433360773,731,185,1165.5386897607907,185,1165.5386897607907,False,1165.5386897607907
70,execution_finished,1,[22],1010.7637188499888,769,142,1167.4571642777291,142,1167.4571642777291,False,1167.4571642777291
81,execution_finished,1,[25],1089.2646115948562,897,97,1179.4854068511297,97,1179.4854068511297,False,1179.4854068511297
65,execution_finished,1,[19],995.3395195871349,745,175,1184.203695983536,175,1184.203695983536,False,1184.203695983536
72,execution_finished,1,[8],1031.6744911868554,793,176,1195.4283484112993,176,1195.4283484112993,False,1195.4283484112993
73,execution_finished,1,[15],1033.3096419236938,825,189,1199.7078393711583,189,1199.7078393711583,False,1199.7078393711583
85,execution_finished,1,[18],1117.0453999397237,934,98,1203.592612179537,98,1203.592612179537,False,1203.592612179537
60,execution_finished,1,[9],974.1242258824346,694,203,1205.1517935565146,203,1205.1517935565146,False,1205.1517935565146
77,execution_finished,1,[11],1073.178247989554,856,144,1219.9605901928962,144,1219.9605901928962,False,1219.9605901928962
78,execution_finished,1,[24],1075.5115303173627,866,132,1222.154764195959,132,1222.154764195959,False,1222.154764195959
75,execution_finished,1,[23],1052.4353266295045,843,163,1223.8809859653763,163,1223.8809859653763,False,1223.8809859653763
66,execution_finished,1,[2],998.5813822301551,748,202,1235.9390106946007,202,1235.9390106946007,False,1235.9390106946007
68,execution_finished,1,[12],1006.6395727214943,759,243,1241.281704363191,243,1241.281704363191,False,1241.281704363191
79,execution_finished,1,[0],1078.4880872517215,869,178,1242.0883497296304,178,1242.0883497296304,False,1242.0883497296304
74,execution_finished,1,[31],1037.2041885126348,833,221,1248.3782588952322,221,1248.3782588952322,False,1248.3782588952322
89,execution_finished,1,[30],1135.3560453088687,999,126,1250.5219135988584,126,1250.5219135988584,False,1250.5219135988584
84,execution_finished,1,[13],1111.0541885642078,918,153,1251.8568242160534,153,1251.8568242160534,False,1251.8568242160534
91,execution_finished,1,[7],1147.2120701045703,1042,103,1252.0884431860095,103,1252.0884431860095,False,1252.0884431860095
87,execution_finished,1,[3],1125.7360046341078,974,139,1252.2089226345015,139,1252.2089226345015,False,1252.2089226345015
88,execution_finished,1,[20],1131.878069005228,977,143,1258.7726248013448,143,1258.7726248013448,False,1258.7726248013448
83,execution_finished,1,[1],1110.1976143464599,904,158,1270.3650099894032,158,1270.3650099894032,False,1270.3650099894032
76,execution_finished,1,[17],1054.4179467442332,852,187,1271.6606683934185,187,1271.6606683934185,False,1271.6606683934185
95,execution_finished,1,[22],1167.4571642777291,1076,95,1272.287286218823,95,1272.287286218823,False,1272.287286218823
90,execution_finished,1,[21],1140.8224457284794,1038,130,1273.4778886766899,130,1273.4778886766899,False,1273.4778886766899
82,execution_finished,1,[14],1091.902969298609,902,198,1282.6514442858188,198,1282.6514442858188,False,1282.6514442858188
92,execution_finished,1,[6],1148.9124641820263,1044,161,1314.1327781035152,161,1314.1327781035152,False,1314.1327781035152
80,execution_finished,1,[4],1083.7594899860387,879,218,1314.578776616473,218,1314.578776616473,False,1314.578776616473
93,execution_finished,1,[16],1152.2992546250152,1050,183,1317.6089048721378,183,1317.6089048721378,False,1317.6089048721378
109,execution_finished,1,[30],1250.5219135988584,1193,77,1320.9010553316298,77,1320.9010553316298,False,1320.9010553316298
94,execution_finished,1,[5],1165.5386897607907,1052,156,1323.0636499891978,156,1323.0636499891978,False,1323.0636499891978
96,execution_finished,1,[25],1179.4854068511297,1078,158,1326.4429908768122,158,1326.4429908768122,False,1326.4429908768122
86,execution_finished,1,[10],1123.6507609141959,941,231,1332.4868664202831,231,1332.4868664202831,False,1332.4868664202831
98,execution_finished,1,[8],1195.4283484112993,1092,148,1333.1304556227635,148,1333.1304556227635,False,1333.1304556227635
103,execution_finished,1,[24],1222.154764195959,1158,105,1338.8027911448423,105,1338.8027911448423,False,1338.8027911448423
100,execution_finished,1,[18],1203.592612179537,1120,162,1346.6604528208607,162,1346.6604528208607,False,1346.6604528208607
107,execution_finished,1,[0],1242.0883497296304,1180,124,1356.0570719052523,124,1356.0570719052523,False,1356.0570719052523
97,execution_finished,1,[19],1184.203695983536,1086,166,1363.3548575938364,166,1363.3548575938364,False,1363.3548575938364
118,execution_finished,1,[14],1299.0,1299,68,1364.5095772683346,68,1364.5095772683346,False,1364.5095772683346
102,execution_finished,1,[11],1219.9605901928962,1147,145,1367.7622542170952,145,1367.7622542170952,False,1367.7622542170952
113,execution_finished,1,[20],1258.7726248013448,1257,126,1370.5818138244965,126,1370.5818138244965,False,1370.5818138244965
99,execution_finished,1,[15],1199.7078393711583,1109,197,1373.1493467634891,197,1373.1493467634891,False,1373.1493467634891
101,execution_finished,1,[9],1205.1517935565146,1141,151,1376.9998857672833,151,1376.9998857672833,False,1376.9998857672833
104,execution_finished,1,[23],1223.8809859653763,1164,146,1377.4458096649917,146,1377.4458096649917,False,1377.4458096649917
108,execution_finished,1,[31],1248.3782588952322,1184,136,1378.3315329768307,136,1378.3315329768307,False,1378.3315329768307
105,execution_finished,1,[2],1235.9390106946007,1169,122,1379.2936179850085,122,1379.2936179850085,False,1379.2936179850085
106,execution_finished,1,[12],1241.281704363191,1171,169,1404.4690304843712,169,1404.4690304843712,False,1404.4690304843712
125,execution_finished,1,[10],1332.4868664202831,1323,97,1420.179949684744,97,1420.179949684744,False,1420.179949684744
110,execution_finished,1,[13],1251.8568242160534,1198,186,1423.0286557928068,186,1423.0286557928068,False,1423.0286557928068
111,execution_finished,1,[7],1252.0884431860095,1208,171,1426.2035868454861,171,1426.2035868454861,False,1426.2035868454861
115,execution_finished,1,[17],1292.0,1292,136,1449.994706653953,136,1449.994706653953,False,1449.994706653953
112,execution_finished,1,[3],1252.2089226345015,1240,220,1452.381886376132,220,1452.381886376132,False,1452.381886376132
114,execution_finished,1,[1],1270.3650099894032,1261,181,1453.8479125930282,181,1453.8479125930282,False,1453.8479125930282
124,execution_finished,1,[25],1326.4429908768122,1321,137,1453.8682377851571,137,1453.8682377851571,False,1453.8682377851571
117,execution_finished,1,[21],1298.0,1298,158,1459.2273845062866,158,1459.2273845062866,False,1459.2273845062866
134,execution_finished,1,[12],1411.0,1411,50,1459.2802740003492,50,1459.2802740003492,False,1459.2802740003492
123,execution_finished,1,[5],1323.0636499891978,1318,137,1461.4028778820937,137,1461.4028778820937,False,1461.4028778820937
128,execution_finished,1,[19],1368.0,1368,88,1462.9717001307617,88,1462.9717001307617,False,1462.9717001307617
122,execution_finished,1,[30],1320.9010553316298,1317,169,1475.3695612126476,169,1475.3695612126476,False,1475.3695612126476
121,execution_finished,1,[16],1317.6089048721378,1317,182,1482.0152236971448,182,1482.0152236971448,False,1482.0152236971448
119,execution_finished,1,[6],1314.1327781035152,1307,165,1483.4579445447926,165,1483.4579445447926,False,1483.4579445447926
116,execution_finished,1,[22],1293.0,1293,185,1497.1428690431828,185,1497.1428690431828,False,1497.1428690431828
131,execution_finished,1,[23],1389.0,1389,109,1503.6477108442332,109,1503.6477108442332,False,1503.6477108442332
126,execution_finished,1,[8],1333.1304556227635,1327,187,1507.1189289237352,187,1507.1189289237352,False,1507.1189289237352
132,execution_finished,1,[11],1392.0,1392,120,1514.3186185027853,120,1514.3186185027853,False,1514.3186185027853
133,execution_finished,1,[14],1401.0,1401,131,1527.202273855174,131,1527.202273855174,False,1527.202273855174
138,execution_finished,1,[0],1442.0,1442,96,1530.2338494262879,96,1530.2338494262879,False,1530.2338494262879
129,execution_finished,1,[2],1384.0,1384,127,1533.2297961137851,127,1533.2297961137851,False,1533.2297961137851
136,execution_finished,1,[13],1424.0,1424,124,1538.1145543845023,124,1538.1145543845023,False,1538.1145543845023
127,execution_finished,1,[24],1338.8027911448423,1329,180,1538.7708373429282,180,1538.7708373429282,False,1538.7708373429282
120,execution_finished,1,[4],1314.578776616473,1311,219,1546.4568673140195,219,1546.4568673140195,False,1546.4568673140195
139,execution_finished,1,[17],1454.0,1454,97,1566.6874010693637,97,1566.6874010693637,False,1566.6874010693637
130,execution_finished,1,[9],1388.0,1388,163,1573.5048942407636,163,1573.5048942407636,False,1573.5048942407636
137,execution_finished,1,[7],1431.0,1431,148,1581.6961477286698,148,1581.6961477286698,False,1581.6961477286698
135,execution_finished,1,[31],1423.0,1423,203,1616.974372342386,203,1616.974372342386,False,1616.974372342386
141,execution_finished,1,[21],1477.0,1477,160,1640.2682374747205,160,1640.2682374747205,False,1640.2682374747205
147,execution_finished,1,[2],1545.0,1545,91,1651.928436585468,91,1651.928436585468,False,1651.928436585468
144,execution_finished,1,[23],1503.6477108442332,1503,145,1656.1607206828921,145,1656.1607206828921,False,1656.1607206828921
143,execution_finished,1,[22],1499.0,1499,145,1659.0038703311434,145,1659.0038703311434,False,1659.0038703311434
142,execution_finished,1,[6],1493.0,1493,165,1662.3251664412774,165,1662.3251664412774,False,1662.3251664412774
140,execution_finished,1,[19],1476.0,1476,189,1679.9733105081132,189,1679.9733105081132,False,1679.9733105081132
145,execution_finished,1,[11],1518.0,1518,161,1682.1108131579035,161,1682.1108131579035,False,1682.1108131579035
146,execution_finished,1,[14],1528.0,1528,163,1685.0303102167434,163,1685.0303102167434,False,1685.0303102167434
149,execution_finished,1,[4],1552.0,1552,134,1693.8797449930194,134,1693.8797449930194,False,1693.8797449930194
151,execution_finished,1,[9],1586.0,1586,129,1732.8106218224448,129,1732.8106218224448,False,1732.8106218224448
148,execution_finished,1,[24],1550.0,1550,167,1735.525909528224,167,1735.525909528224,False,1735.525909528224
154,execution_finished,1,[8],1632.0,1632,114,1738.0678393385604,114,1738.0678393385604,False,1738.0678393385604
156,execution_finished,1,[13],1642.0,1642,138,1768.9984556859783,138,1768.9984556859783,False,1768.9984556859783
157,execution_finished,1,[0],1648.0,1648,138,1774.836158550289,138,1774.836158550289,False,1774.836158550289
150,execution_finished,1,[17],1585.0,1585,172,1784.8168348858817,172,1784.8168348858817,False,1784.8168348858817
155,execution_finished,1,[21],1642.0,1642,145,1789.9618402114656,145,1789.9618402114656,False,1789.9618402114656
153,execution_finished,1,[31],1626.0,1626,175,1793.2192865020568,175,1793.2192865020568,False,1793.2192865020568
152,execution_finished,1,[7],1612.0,1612,183,1798.3337502320715,183,1798.3337502320715,False,1798.3337502320715
160,execution_finished,1,[19],1689.0,1689,118,1816.3484160844305,118,1816.3484160844305,False,1816.3484160844305
161,execution_finished,1,[4],1695.0,1695,118,1819.9388799192259,118,1819.9388799192259,False,1819.9388799192259
162,execution_finished,1,[23],1723.0,1723,130,1859.735801924315,130,1859.735801924315,False,1859.735801924315
159,execution_finished,1,[22],1681.0,1681,165,1863.073369687163,165,1863.073369687163,False,1863.073369687163
158,execution_finished,1,[2],1651.928436585468,1650,191,1876.3606496384837,191,1876.3606496384837,False,1876.3606496384837
163,execution_finished,1,[9],1737.0,1737,141,1897.4674238524399,141,1897.4674238524399,False,1897.4674238524399
166,execution_finished,1,[6],1798.0,1798,138,1939.6174119327047,138,1939.6174119327047,False,1939.6174119327047
164,execution_finished,1,[24],1750.0,1750,199,1971.0757844078837,199,1971.0757844078837,False,1971.0757844078837
173,execution_finished,1,[31],1844.0,1844,139,1976.8198904216338,139,1976.8198904216338,False,1976.8198904216338
175,execution_finished,1,[23],1861.0,1861,117,1984.0622217318835,117,1984.0622217318835,False,1984.0622217318835
165,execution_finished,1,[17],1797.0,1797,162,1985.1995770436793,162,1985.1995770436793,False,1985.1995770436793
168,execution_finished,1,[4],1820.0,1820,169,1998.9378873419423,169,1998.9378873419423,False,1998.9378873419423
176,execution_finished,1,[13],1863.0,1863,153,2003.8026356518455,153,2003.8026356518455,False,2003.8026356518455
172,execution_finished,1,[14],1842.0,1842,168,2003.8471908982385,168,2003.8471908982385,False,2003.8471908982385
171,execution_finished,1,[7],1842.0,1842,160,2004.9147543012646,160,2004.9147543012646,False,2004.9147543012646
177,execution_finished,1,[22],1865.0,1865,132,2010.6586957497304,132,2010.6586957497304,False,2010.6586957497304
169,execution_finished,1,[21],1828.0,1828,186,2017.7993260643627,186,2017.7993260643627,False,2017.7993260643627
174,execution_finished,1,[8],1858.0,1858,181,2026.4059554410476,181,2026.4059554410476,False,2026.4059554410476
170,execution_finished,1,[11],1836.0,1836,189,2028.651824141887,189,2028.651824141887,False,2028.651824141887
178,execution_finished,1,[0],1868.0,1868,183,2036.1957754688615,183,2036.1957754688615,False,2036.1957754688615
167,execution_finished,1,[19],1817.0,1817,205,2038.2408923500698,205,2038.2408923500698,False,2038.2408923500698
187,execution_finished,1,[13],2003.8026356518455,1988,56,2055.33824085775,56,2055.33824085775,False,2055.33824085775
185,execution_finished,1,[17],1985.1995770436793,1972,78,2075.8141882128584,78,2075.8141882128584,False,2075.8141882128584
182,execution_finished,1,[24],1971.0757844078837,1900,111,2094.389412896703,111,2094.389412896703,False,2094.389412896703
181,execution_finished,1,[6],1939.6174119327047,1898,151,2094.575594554722,151,2094.575594554722,False,2094.575594554722
180,execution_finished,1,[9],1897.4674238524399,1879,189,2112.5620558248593,189,2112.5620558248593,False,2112.5620558248593
179,execution_finished,1,[2],1876.3606496384837,1872,203,2114.893315867605,203,2114.893315867605,False,2114.893315867605
183,execution_finished,1,[31],1976.8198904216338,1953,147,2117.2840910833615,147,2117.2840910833615,False,2117.2840910833615
191,execution_finished,1,[19],2039.0,2039,89,2135.0509239958837,89,2135.0509239958837,False,2135.0509239958837
190,execution_finished,1,[11],2033.0,2033,105,2140.0287911899372,105,2140.0287911899372,False,2140.0287911899372
196,execution_finished,1,[13],2090.0,2090,70,2154.4195065073804,70,2154.4195065073804,False,2154.4195065073804
188,execution_finished,1,[22],2014.0,2014,155,2185.0386200091534,155,2185.0386200091534,False,2185.0386200091534
192,execution_finished,1,[7],2041.0,2041,152,2195.7690165862014,152,2195.7690165862014,False,2195.7690165862014
186,execution_finished,1,[4],1998.9378873419423,1981,198,2208.581092630135,198,2208.581092630135,False,2208.581092630135
195,execution_finished,1,[17],2086.0,2086,111,2214.951562048447,111,2214.951562048447,False,2214.951562048447
184,execution_finished,1,[23],1984.0622217318835,1957,227,2222.8239681689565,227,2222.8239681689565,False,2222.8239681689565
189,execution_finished,1,[21],2024.0,2024,202,2230.1261498118347,202,2230.1261498118347,False,2230.1261498118347
200,execution_finished,1,[6],2132.0,2132,100,2234.6213129947137,100,2234.6213129947137,False,2234.6213129947137
194,execution_finished,1,[8],2066.0,2066,182,2235.3363750843682,182,2235.3363750843682,False,2235.3363750843682
193,execution_finished,1,[14],2049.0,2049,196,2237.8217227146115,196,2237.8217227146115,False,2237.8217227146115
204,execution_finished,1,[13],2167.0,2167,95,2254.426473117159,95,2254.426473117159,False,2254.426473117159
201,execution_finished,1,[31],2132.0,2132,158,2282.975127241857,158,2282.975127241857,False,2282.975127241857
202,execution_finished,1,[19],2147.0,2147,134,2291.615997926387,134,2291.615997926387,False,2291.615997926387
197,execution_finished,1,[24],2096.0,2096,181,2297.0789797880752,181,2297.0789797880752,False,2297.0789797880752
198,execution_finished,1,[2],2124.0,2124,151,2301.4307024659965,151,2301.4307024659965,False,2301.4307024659965
207,execution_finished,1,[7],2195.7690165862014,2185,104,2301.6636068820235,104,2301.6636068820235,False,2301.6636068820235
206,execution_finished,1,[22],2185.0386200091534,2184,110,2306.4208664672624,110,2306.4208664672624,False,2306.4208664672624
203,execution_finished,1,[11],2165.0,2165,166,2334.2074222621864,166,2334.2074222621864,False,2334.2074222621864
199,execution_finished,1,[9],2127.0,2127,198,2352.3372334949154,198,2352.3372334949154,False,2352.3372334949154
210,execution_finished,1,[23],2246.0,2246,113,2364.854966288058,113,2364.854966288058,False,2364.854966288058
214,execution_finished,1,[8],2269.0,2269,106,2367.6244821919945,106,2367.6244821919945,False,2367.6244821919945
205,execution_finished,1,[0],2183.0,2183,208,2374.173340423624,208,2374.173340423624,False,2374.173340423624
208,execution_finished,1,[17],2225.0,2225,135,2381.8329808697326,135,2381.8329808697326,False,2381.8329808697326
213,execution_finished,1,[14],2264.0,2264,126,2385.385393173679,126,2385.385393173679,False,2385.385393173679
215,execution_finished,1,[13],2272.0,2272,146,2406.3606850011074,146,2406.3606850011074,False,2406.3606850011074
212,execution_finished,1,[21],2260.0,2260,163,2426.3295169273715,163,2426.3295169273715,False,2426.3295169273715
217,execution_finished,1,[19],2297.0,2297,132,2439.4575501961426,132,2439.4575501961426,False,2439.4575501961426
218,execution_finished,1,[24],2298.0,2298,138,2451.3088354185325,138,2451.3088354185325,False,2451.3088354185325
209,execution_finished,1,[4],2241.0,2241,208,2461.2312459593136,208,2461.2312459593136,False,2461.2312459593136
220,execution_finished,1,[22],2340.0,2340,110,2461.382246458109,110,2461.382246458109,False,2461.382246458109
219,execution_finished,1,[2],2337.0,2337,128,2487.4048338784605,128,2487.4048338784605,False,2487.4048338784605
211,execution_finished,1,[6],2246.0,2246,244,2496.396003707101,244,2496.396003707101,False,2496.396003707101
216,execution_finished,1,[31],2285.0,2285,229,2503.8183806226916,229,2503.8183806226916,False,2503.8183806226916
221,execution_finished,1,[9],2354.0,2354,139,2512.191290180774,139,2512.191290180774,False,2512.191290180774
229,execution_finished,1,[22],2462.0,2462,75,2544.760622585074,75,2544.760622585074,False,2544.760622585074
224,execution_finished,1,[21],2435.0,2435,122,2559.4920310744747,122,2559.4920310744747,False,2559.4920310744747
228,execution_finished,1,[7],2459.0,2459,103,2563.876373081439,103,2563.876373081439,False,2563.876373081439
234,execution_finished,1,[2],2489.0,2489,70,2571.252643527283,70,2571.252643527283,False,2571.252643527283
222,execution_finished,1,[23],2366.0,2366,202,2578.4663999131662,202,2578.4663999131662,False,2578.4663999131662
225,execution_finished,1,[19],2451.0,2451,161,2624.755042284689,161,2624.755042284689,False,2624.755042284689
223,execution_finished,1,[17],2425.0,2425,182,2636.434092728084,182,2636.434092728084,False,2636.434092728084
238,execution_finished,1,[9],2512.191290180774,2496,110,2637.378642122394,110,2637.378642122394,False,2637.378642122394
232,execution_finished,1,[8],2474.0,2474,183,2644.266794727689,183,2644.266794727689,False,2644.266794727689
230,execution_finished,1,[4],2465.0,2465,170,2644.996691409054,170,2644.996691409054,False,2644.996691409054
233,execution_finished,1,[13],2479.0,2479,182,2646.490716919189,182,2646.490716919189,False,2646.490716919189
237,execution_finished,1,[31],2503.8183806226916,2496,158,2654.7935078645487,158,2654.7935078645487,False,2654.7935078645487
227,execution_finished,1,[11],2456.0,2456,197,2656.8063987087394,197,2656.8063987087394,False,2656.8063987087394
236,execution_finished,1,[6],2496.396003707101,2491,168,2668.79980953822,168,2668.79980953822,False,2668.79980953822
231,execution_finished,1,[14],2472.0,2472,208,2672.3822363502004,208,2672.3822363502004,False,2672.3822363502004
235,execution_finished,1,[0],2489.0,2489,202,2674.658724834481,202,2674.658724834481,False,2674.658724834481
251,execution_finished,1,[11],2656.8063987087394,2596,36,2693.501984259575,36,2693.501984259575,False,2693.501984259575
239,execution_finished,1,[22],2544.760622585074,2510,137,2695.9366931738095,137,2695.9366931738095,False,2695.9366931738095
226,execution_finished,1,[24],2454.0,2454,218,2696.183522617682,218,2696.183522617682,False,2696.183522617682
247,execution_finished,1,[8],2644.266794727689,2581,100,2737.3087590597597,100,2737.3087590597597,False,2737.3087590597597
250,execution_finished,1,[31],2654.7935078645487,2589,94,2744.6141531856533,94,2744.6141531856533,False,2744.6141531856533
242,execution_finished,1,[2],2571.252643527283,2528,149,2746.333270463929,149,2746.333270463929,False,2746.333270463929
243,execution_finished,1,[23],2578.4663999131662,2553,165,2752.015686970951,165,2752.015686970951,False,2752.015686970951
240,execution_finished,1,[21],2559.4920310744747,2520,192,2755.413916044139,192,2755.413916044139,False,2755.413916044139
245,execution_finished,1,[17],2636.434092728084,2573,115,2770.032557913412,115,2770.032557913412,False,2770.032557913412
241,execution_finished,1,[7],2563.876373081439,2526,208,2775.665553673083,208,2775.665553673083,False,2775.665553673083
246,execution_finished,1,[9],2637.378642122394,2575,126,2780.77506343734,126,2780.77506343734,False,2780.77506343734
244,execution_finished,1,[19],2624.755042284689,2560,160,2797.430860704256,160,2797.430860704256,False,2797.430860704256
254,execution_finished,1,[0],2674.658724834481,2610,138,2801.4948833847698,138,2801.4948833847698,False,2801.4948833847698
252,execution_finished,1,[6],2668.79980953822,2597,144,2816.5745002506073,144,2816.5745002506073,False,2816.5745002506073
248,execution_finished,1,[4],2644.996691409054,2583,177,2832.405011287893,177,2832.405011287893,False,2832.405011287893
255,execution_finished,1,[11],2693.501984259575,2618,159,2855.5741537757654,159,2855.5741537757654,False,2855.5741537757654
253,execution_finished,1,[14],2672.3822363502004,2597,204,2868.9109681552045,204,2868.9109681552045,False,2868.9109681552045
264,execution_finished,1,[7],2775.665553673083,2697,92,2869.3415373963103,92,2869.3415373963103,False,2869.3415373963103
259,execution_finished,1,[31],2744.6141531856533,2655,131,2869.789733367193,131,2869.789733367193,False,2869.789733367193
249,execution_finished,1,[13],2646.490716919189,2585,249,2875.6401043525843,249,2875.6401043525843,False,2875.6401043525843
258,execution_finished,1,[8],2737.3087590597597,2650,155,2881.523803774469,155,2881.523803774469,False,2881.523803774469
257,execution_finished,1,[24],2696.183522617682,2637,181,2897.262502405757,181,2897.262502405757,False,2897.262502405757
266,execution_finished,1,[19],2797.430860704256,2712,96,2901.036351755996,96,2901.036351755996,False,2901.036351755996
265,execution_finished,1,[9],2780.77506343734,2702,112,2908.238549050626,112,2908.238549050626,False,2908.238549050626
256,execution_finished,1,[22],2695.9366931738095,2622,197,2913.3212618306043,197,2913.3212618306043,False,2913.3212618306043
275,execution_finished,1,[15],2800.0,2753,129,2913.573372860968,129,2913.573372860968,False,2913.573372860968
274,execution_finished,1,[18],2800.0,2741,129,2913.9243916217947,129,2913.9243916217947,False,2913.9243916217947
270,execution_finished,1,[3],2800.0,2730,133,2921.0136553528946,133,2921.0136553528946,False,2921.0136553528946
267,execution_finished,1,[1],2800.0,2714,120,2921.6461232731217,120,2921.6461232731217,False,2921.6461232731217
263,execution_finished,1,[17],2770.032557913412,2695,135,2926.8655387831445,135,2926.8655387831445,False,2926.8655387831445
262,execution_finished,1,[21],2755.413916044139,2689,169,2927.8659918768126,169,2927.8659918768126,False,2927.8659918768126
273,execution_finished,1,[20],2800.0,2736,158,2940.2051735369682,158,2940.2051735369682,False,2940.2051735369682
261,execution_finished,1,[23],2752.015686970951,2656,183,2944.497623525948,183,2944.497623525948,False,2944.497623525948
281,execution_finished,1,[7],2869.3415373963103,2787,80,2950.798914546943,80,2950.798914546943,False,2950.798914546943
260,execution_finished,1,[2],2746.333270463929,2655,184,2962.540219164216,184,2962.540219164216,False,2962.540219164216
276,execution_finished,1,[0],2801.4948833847698,2754,179,2966.014248460869,179,2966.014248460869,False,2966.014248460869
277,execution_finished,1,[6],2816.5745002506073,2755,146,2966.4016172228894,146,2966.4016172228894,False,2966.4016172228894
271,execution_finished,1,[10],2800.0,2732,188,2969.961852100192,188,2969.961852100192,False,2969.961852100192
272,execution_finished,1,[16],2800.0,2735,191,2972.536301624046,191,2972.536301624046,False,2972.536301624046
280,execution_finished,1,[14],2868.9109681552045,2787,113,2977.772471556996,113,2977.772471556996,False,2977.772471556996
283,execution_finished,1,[13],2875.6401043525843,2798,114,2980.551872093175,114,2980.551872093175,False,2980.551872093175
289,execution_finished,1,[15],2913.573372860968,2837,82,2985.7672997958466,82,2985.7672997958466,False,2985.7672997958466
278,execution_finished,1,[4],2832.405011287893,2760,145,2985.931601019145,145,2985.931601019145,False,2985.931601019145
269,execution_finished,1,[12],2800.0,2728,202,2995.0523069614105,202,2995.0523069614105,False,2995.0523069614105
279,execution_finished,1,[11],2855.5741537757654,2769,137,2995.221243233112,137,2995.221243233112,False,2995.221243233112
268,execution_finished,1,[5],2800.0,2728,204,3005.9941787602247,204,3005.9941787602247,False,3005.9941787602247
291,execution_finished,1,[3],2921.0136553528946,2863,118,3028.379154087042,118,3028.379154087042,False,3028.379154087042
294,execution_finished,1,[21],2927.8659918768126,2883,111,3041.1333316249,111,3041.1333316249,False,3041.1333316249
290,execution_finished,1,[18],2913.9243916217947,2847,145,3041.978940343967,145,3041.978940343967,False,3041.978940343967
284,execution_finished,1,[8],2881.523803774469,2803,173,3042.4864020689506,173,3042.4864020689506,False,3042.4864020689506
282,execution_finished,1,[31],2869.789733367193,2790,185,3046.5644076693675,185,3046.5644076693675,False,3046.5644076693675
292,execution_finished,1,[1],2921.6461232731217,2864,136,3059.5117296493263,136,3059.5117296493263,False,3059.5117296493263
287,execution_finished,1,[9],2908.238549050626,2817,139,3066.4298392314,139,3066.4298392314,False,3066.4298392314
295,execution_finished,1,[20],2940.2051735369682,2899,146,3069.761852881255,146,3069.761852881255,False,3069.761852881255
297,execution_finished,1,[7],2950.798914546943,2905,117,3069.9303286297427,117,3069.9303286297427,False,3069.9303286297427
305,execution_finished,1,[15],2985.7672997958466,2972,100,3073.8086741066745,100,3073.8086741066745,False,3073.8086741066745
285,execution_finished,1,[24],2897.262502405757,2809,170,3086.1212127039494,170,3086.1212127039494,False,3086.1212127039494
300,execution_finished,1,[6],2966.4016172228894,2938,121,3090.573405946493,121,3090.573405946493,False,3090.573405946493
302,execution_finished,1,[16],2972.536301624046,2953,138,3097.196037875974,138,3097.196037875974,False,3097.196037875974
310,execution_finished,1,[18],3041.978940343967,3036,78,3110.8634562083084,78,3110.8634562083084,False,3110.8634562083084
286,execution_finished,1,[19],2901.036351755996,2812,202,3119.0395725106987,202,3119.0395725106987,False,3119.0395725106987
293,execution_finished,1,[17],2926.8655387831445,2880,166,3119.712018963705,166,3119.712018963705,False,3119.712018963705
304,execution_finished,1,[13],2980.551872093175,2972,156,3124.115343738194,156,3124.115343738194,False,3124.115343738194
299,execution_finished,1,[0],2966.014248460869,2921,178,3129.614510938778,178,3129.614510938778,False,3129.614510938778
288,execution_finished,1,[22],2913.3212618306043,2833,203,3137.326680294205,203,3137.326680294205,False,3137.326680294205
306,execution_finished,1,[4],2993.0,2993,142,3143.350177529916,142,3143.350177529916,False,3143.350177529916
296,execution_finished,1,[23],2944.497623525948,2903,191,3145.3940709685953,191,3145.3940709685953,False,3145.3940709685953
298,execution_finished,1,[2],2962.540219164216,2908,156,3145.84611045359,156,3145.84611045359,False,3145.84611045359
301,execution_finished,1,[10],2969.961852100192,2952,200,3150.7723330578433,200,3150.7723330578433,False,3150.7723330578433
303,execution_finished,1,[14],2977.772471556996,2968,191,3161.7773135901125,191,3161.7773135901125,False,3161.7773135901125
309,execution_finished,1,[21],3041.1333316249,3031,142,3186.033892383715,142,3186.033892383715,False,3186.033892383715
308,execution_finished,1,[3],3028.379154087042,3022,181,3193.066910619929,181,3193.066910619929,False,3193.066910619929
311,execution_finished,1,[8],3046.0,3046,164,3198.5888215045957,164,3198.5888215045957,False,3198.5888215045957
307,execution_finished,1,[5],3005.9941787602247,3001,196,3203.910154431813,196,3203.910154431813,False,3203.910154431813
318,execution_finished,1,[19],3142.0,3142,94,3243.4470433214956,94,3243.4470433214956,False,3243.4470433214956
312,execution_finished,1,[31],3047.0,3047,210,3247.6631438024683,210,3247.6631438024683,False,3247.6631438024683
325,execution_finished,1,[13],3175.0,3175,81,3249.542571815683,81,3249.542571815683,False,3249.542571815683
322,execution_finished,1,[6],3163.0,3163,90,3255.359181695242,90,3255.359181695242,False,3255.359181695242
315,execution_finished,1,[17],3129.0,3129,121,3269.5688198906496,121,3269.5688198906496,False,3269.5688198906496
326,execution_finished,1,[0],3182.0,3182,97,3271.1529520244785,97,3271.1529520244785,False,3271.1529520244785
324,execution_finished,1,[14],3171.0,3171,107,3274.081246583997,107,3274.081246583997,False,3274.081246583997
314,execution_finished,1,[9],3110.0,3110,162,3294.366827404931,162,3294.366827404931,False,3294.366827404931
316,execution_finished,1,[24],3135.0,3135,152,3303.8619056783837,152,3303.8619056783837,False,3303.8619056783837
317,execution_finished,1,[22],3140.0,3140,150,3305.521245170148,150,3305.521245170148,False,3305.521245170148
321,execution_finished,1,[23],3154.0,3154,150,3311.7720791434404,150,3311.7720791434404,False,3311.7720791434404
313,execution_finished,1,[1],3059.5117296493263,3050,252,3314.9685885228814,252,3314.9685885228814,False,3314.9685885228814
323,execution_finished,1,[7],3171.0,3171,164,3337.9876231587964,164,3337.9876231587964,False,3337.9876231587964
320,execution_finished,1,[4],3150.0,3150,187,3347.9963605499597,187,3347.9963605499597,False,3347.9963605499597
327,execution_finished,1,[21],3204.0,3204,144,3350.9414137272483,144,3350.9414137272483,False,3350.9414137272483
332,execution_finished,1,[6],3262.0,3262,87,3351.280542305401,87,3351.280542305401,False,3351.280542305401
330,execution_finished,1,[3],3234.0,3234,171,3389.5889854537218,171,3389.5889854537218,False,3389.5889854537218
333,execution_finished,1,[17],3277.0,3277,100,3393.1725784220243,100,3393.1725784220243,False,3393.1725784220243
319,execution_finished,1,[2],3150.0,3150,218,3406.1582326992534,218,3406.1582326992534,False,3406.1582326992534
329,execution_finished,1,[8],3234.0,3234,186,3407.058053657651,186,3407.058053657651,False,3407.058053657651
331,execution_finished,1,[19],3246.0,3246,158,3416.517370689322,158,3416.517370689322,False,3416.517370689322
328,execution_finished,1,[5],3232.0,3232,193,3426.8866495133498,193,3426.8866495133498,False,3426.8866495133498
336,execution_finished,1,[9],3323.0,3323,102,3439.0828172549564,102,3439.0828172549564,False,3439.0828172549564
335,execution_finished,1,[31],3293.0,3293,166,3451.619437481951,166,3451.619437481951,False,3451.619437481951
334,execution_finished,1,[14],3284.0,3284,188,3465.1147136242193,188,3465.1147136242193,False,3465.1147136242193
340,execution_finished,1,[1],3336.0,3336,147,3485.016501009574,147,3485.016501009574,False,3485.016501009574
338,execution_finished,1,[22],3333.0,3333,140,3487.4864954921386,140,3487.4864954921386,False,3487.4864954921386
337,execution_finished,1,[24],3327.0,3327,146,3489.1963041384474,146,3489.1963041384474,False,3489.1963041384474
339,execution_finished,1,[23],3333.0,3333,187,3529.689191998822,187,3529.689191998822,False,3529.689191998822
351,execution_finished,1,[14],3474.0,3474,62,3533.7293204505404,62,3533.7293204505404,False,3533.7293204505404
344,execution_finished,1,[17],3395.0,3395,132,3548.347803517072,132,3548.347803517072,False,3548.347803517072
343,execution_finished,1,[21],3390.0,3390,160,3553.2682374747205,160,3553.2682374747205,False,3553.2682374747205
341,execution_finished,1,[4],3369.0,3369,180,3559.584732080175,180,3559.584732080175,False,3559.584732080175
342,execution_finished,1,[6],3370.0,3370,192,3567.03292094985,192,3567.03292094985,False,3567.03292094985
348,execution_finished,1,[5],3435.0,3435,154,3590.505409456248,154,3590.505409456248,False,3590.505409456248
345,execution_finished,1,[2],3407.0,3407,164,3599.706193406778,164,3599.706193406778,False,3599.706193406778
346,execution_finished,1,[19],3428.0,3428,170,3611.4680570707897,170,3611.4680570707897,False,3611.4680570707897
347,execution_finished,1,[7],3430.0,3430,180,3613.279098588923,180,3613.279098588923,False,3613.279098588923
356,execution_finished,1,[1],3504.0,3504,118,3623.6186878852363,118,3623.6186878852363,False,3623.6186878852363
349,execution_finished,1,[9],3457.0,3457,154,3632.2622927182674,154,3632.2622927182674,False,3632.2622927182674
352,execution_finished,1,[8],3477.0,3477,169,3634.240919721199,169,3634.240919721199,False,3634.240919721199
350,execution_finished,1,[31],3462.0,3462,199,3652.152217222339,199,3652.152217222339,False,3652.152217222339
355,execution_finished,1,[22],3504.0,3504,147,3666.2108202667455,147,3666.2108202667455,False,3666.2108202667455
353,execution_finished,1,[13],3480.0,3480,214,3676.9396341797055,214,3676.9396341797055,False,3676.9396341797055
358,execution_finished,1,[14],3548.0,3548,155,3697.323301126351,155,3697.323301126351,False,3697.323301126351
359,execution_finished,1,[17],3552.0,3552,130,3703.0243519486316,130,3703.0243519486316,False,3703.0243519486316
357,execution_finished,1,[23],3532.0,3532,164,3704.497473196828,164,3704.497473196828,False,3704.497473196828
364,execution_finished,1,[2],3617.0,3617,96,3729.8036254088456,96,3729.8036254088456,False,3729.8036254088456
360,execution_finished,1,[4],3569.0,3569,152,3729.9382182010368,152,3729.9382182010368,False,3729.9382182010368
354,execution_finished,1,[24],3500.0,3500,209,3732.1851203077777,209,3732.1851203077777,False,3732.1851203077777
371,execution_finished,1,[14],3702.0,3702,79,3778.106714767624,79,3778.106714767624,False,3778.106714767624
363,execution_finished,1,[5],3599.0,3599,178,3778.740018722157,178,3778.740018722157,False,3778.740018722157
361,execution_finished,1,[6],3586.0,3586,191,3782.006707819903,191,3782.006707819903,False,3782.006707819903
367,execution_finished,1,[7],3654.0,3654,130,3786.3682378697777,130,3786.3682378697777,False,3786.3682378697777
366,execution_finished,1,[9],3642.0,3642,144,3805.8816243599385,144,3805.8816243599385,False,3805.8816243599385
365,execution_finished,1,[19],3632.0,3632,180,3826.2602957220124,180,3826.2602957220124,False,3826.2602957220124
369,execution_finished,1,[1],3675.0,3675,152,3829.0850894792875,152,3829.0850894792875,False,3829.0850894792875
375,execution_finished,1,[13],3723.0,3723,116,3829.752325069373,116,3829.752325069373,False,3829.752325069373
373,execution_finished,1,[23],3715.0,3715,118,3839.1140355928396,118,3839.1140355928396,False,3839.1140355928396
374,execution_finished,1,[8],3718.0,3718,131,3839.8849732750123,131,3839.8849732750123,False,3839.8849732750123
362,execution_finished,1,[21],3588.0,3588,254,3847.188326991119,254,3847.188326991119,False,3847.188326991119
368,execution_finished,1,[22],3674.0,3674,161,3851.6594698159593,161,3851.6594698159593,False,3851.6594698159593
384,execution_finished,1,[18],3778.0,3778,88,3855.715864052077,88,3855.715864052077,False,3855.715864052077
378,execution_finished,1,[24],3737.0,3737,113,3862.5354956687984,113,3862.5354956687984,False,3862.5354956687984
372,execution_finished,1,[17],3707.0,3707,143,3873.1267871434948,143,3873.1267871434948,False,3873.1267871434948
379,execution_finished,1,[4],3747.0,3747,120,3874.0564880534503,120,3874.0564880534503,False,3874.0564880534503
380,execution_finished,1,[3],3754.0,3754,136,3877.7432866766444,136,3877.7432866766444,False,3877.7432866766444
376,execution_finished,1,[0],3727.0,3727,170,3883.247441692385,170,3883.247441692385,False,3883.247441692385
383,execution_finished,1,[20],3772.0,3772,136,3892.682934183719,136,3892.682934183719,False,3892.682934183719
370,execution_finished,1,[31],3691.0,3691,224,3905.040686722633,224,3905.040686722633,False,3905.040686722633
377,execution_finished,1,[2],3736.0,3736,156,3919.305891289374,156,3919.305891289374,False,3919.305891289374
387,execution_finished,1,[7],3789.0,3789,131,3922.3864550841604,131,3922.3864550841604,False,3922.3864550841604
381,execution_finished,1,[10],3763.0,3763,200,3943.810480957651,200,3943.810480957651,False,3943.810480957651
391,execution_finished,1,[1],3835.0,3835,124,3960.7009940488924,124,3960.7009940488924,False,3960.7009940488924
389,execution_finished,1,[9],3813.0,3813,131,3962.0867554941105,131,3962.0867554941105,False,3962.0867554941105
382,execution_finished,1,[16],3763.0,3763,233,3973.476221352894,233,3973.476221352894,False,3973.476221352894
388,execution_finished,1,[11],3804.0,3804,172,3979.3233531873257,172,3979.3233531873257,False,3979.3233531873257
385,execution_finished,1,[6],3785.0,3785,195,3985.1115603396916,195,3985.1115603396916,False,3985.1115603396916
386,execution_finished,1,[5],3786.0,3786,208,3996.0332803045426,208,3996.0332803045426,False,3996.0332803045426
394,execution_finished,1,[17],3880.0,3880,104,4000.8194815589054,104,4000.8194815589054,False,4000.8194815589054
400,execution_finished,1,[8],3898.0,3898,113,4003.1374196952397,113,4003.1374196952397,False,4003.1374196952397
405,execution_finished,1,[0],3958.0,3958,64,4016.822566284192,64,4016.822566284192,False,4016.822566284192
397,execution_finished,1,[21],3892.0,3892,132,4026.6962959166444,132,4026.6962959166444,False,4026.6962959166444
398,execution_finished,1,[12],3894.0,3894,151,4039.8064274810545,151,4039.8064274810545,False,4039.8064274810545
395,execution_finished,1,[4],3881.0,3881,157,4047.2322385365974,157,4047.2322385365974,False,4047.2322385365974
390,execution_finished,1,[19],3828.0,3828,207,4051.3993400803142,207,4051.3993400803142,False,4051.3993400803142
401,execution_finished,1,[2],3920.0,3920,120,4061.004531761057,120,4061.004531761057,False,4061.004531761057
396,execution_finished,1,[23],3883.0,3883,175,4067.067425667347,175,4067.067425667347,False,4067.067425667347
399,execution_finished,1,[14],3898.0,3898,186,4077.187961351621,186,4077.187961351621,False,4077.187961351621
406,execution_finished,1,[1],3962.0,3962,114,4077.5638171094656,114,4077.5638171094656,False,4077.5638171094656
393,execution_finished,1,[22],3873.0,3873,187,4079.3498189787847,187,4079.3498189787847,False,4079.3498189787847
404,execution_finished,1,[13],3945.0,3945,170,4101.447372946495,170,4101.447372946495,False,4101.447372946495
392,execution_finished,1,[24],3870.0,3870,211,4104.406987487756,211,4104.406987487756,False,4104.406987487756
408,execution_finished,1,[6],3999.0,3999,105,4106.752378644449,105,4106.752378644449,False,4106.752378644449
413,execution_finished,1,[12],4039.8064274810545,4029,74,4111.261233001571,74,4111.261233001571,False,4111.261233001571
410,execution_finished,1,[8],4003.1374196952397,4001,124,4118.509455467007,124,4118.509455467007,False,4118.509455467007
411,execution_finished,1,[0],4016.822566284192,4007,122,4128.953083263433,122,4128.953083263433,False,4128.953083263433
402,execution_finished,1,[7],3926.0,3926,204,4133.716311734112,204,4133.716311734112,False,4133.716311734112
409,execution_finished,1,[17],4001.0,4001,128,4149.700900380191,128,4149.700900380191,False,4149.700900380191
412,execution_finished,1,[21],4026.6962959166444,4007,124,4153.229179959553,124,4153.229179959553,False,4153.229179959553
403,execution_finished,1,[31],3932.0,3932,246,4167.0625398828915,246,4167.0625398828915,False,4167.0625398828915
416,execution_finished,1,[4],4073.0,4073,104,4183.115622979657,104,4183.115622979657,False,4183.115622979657
407,execution_finished,1,[9],3976.0,3976,208,4212.717901853244,208,4212.717901853244,False,4212.717901853244
418,execution_finished,1,[14],4077.187961351621,4077,161,4232.291519295766,161,4232.291519295766,False,4232.291519295766
419,execution_finished,1,[22],4101.0,4101,120,4233.4169961361185,120,4233.4169961361185,False,4233.4169961361185
414,execution_finished,1,[19],4058.0,4058,172,4243.626504801035,172,4243.626504801035,False,4243.626504801035
421,execution_finished,1,[6],4135.0,4135,110,4247.883444294185,110,4247.883444294185,False,4247.883444294185
420,execution_finished,1,[24],4112.0,4112,152,4280.861905678384,152,4280.861905678384,False,4280.861905678384
423,execution_finished,1,[1],4145.0,4145,147,4294.016501009574,147,4294.016501009574,False,4294.016501009574
417,execution_finished,1,[23],4077.0,4077,212,4299.984538522729,212,4299.984538522729,False,4299.984538522729
426,execution_finished,1,[21],4189.0,4189,113,4304.308192716521,113,4304.308192716521,False,4304.308192716521
415,execution_finished,1,[2],4063.0,4063,215,4315.633119405227,215,4315.633119405227,False,4315.633119405227
422,execution_finished,1,[7],4143.0,4143,185,4331.370184660837,185,4331.370184660837,False,4331.370184660837
428,execution_finished,1,[31],4207.0,4207,139,4339.819890421633,139,4339.819890421633,False,4339.819890421633
431,execution_finished,1,[22],4278.0,4278,57,4340.898073164656,57,4340.898073164656,False,4340.898073164656
424,execution_finished,1,[17],4161.0,4161,158,4344.552673906798,158,4344.552673906798,False,4344.552673906798
430,execution_finished,1,[8],4230.0,4230,139,4359.328330421578,139,4359.328330421578,False,4359.328330421578
429,execution_finished,1,[9],4226.0,4226,170,4419.471362091594,170,4419.471362091594,False,4419.471362091594
427,execution_finished,1,[12],4200.0,4200,233,4424.9860768416265,233,4424.9860768416265,False,4424.9860768416265
425,execution_finished,1,[4],4189.0,4189,224,4426.172111033107,224,4426.172111033107,False,4426.172111033107
433,execution_finished,1,[19],4304.0,4304,139,4454.0121172519985,139,4454.0121172519985,False,4454.0121172519985
437,execution_finished,1,[2],4317.0,4317,132,4472.104984937163,132,4472.104984937163,False,4472.104984937163
436,execution_finished,1,[21],4315.0,4315,155,4473.166105053636,155,4473.166105053636,False,4473.166105053636
438,execution_finished,1,[22],4344.0,4344,127,4484.141320910726,127,4484.141320910726,False,4484.141320910726
434,execution_finished,1,[23],4313.0,4313,164,4485.497473196828,164,4485.497473196828,False,4485.497473196828
440,execution_finished,1,[7],4357.0,4357,145,4504.641496085521,145,4504.641496085521,False,4504.641496085521
432,execution_finished,1,[24],4296.0,4296,189,4505.96644850799,189,4505.96644850799,False,4505.96644850799
439,execution_finished,1,[17],4353.0,4353,154,4531.905770769918,154,4531.905770769918,False,4531.905770769918
435,execution_finished,1,[6],4314.0,4314,213,4532.5833966787395,213,4532.5833966787395,False,4532.5833966787395
444,execution_finished,1,[4],4439.0,4439,95,4539.586386375648,95,4539.586386375648,False,4539.586386375648
441,execution_finished,1,[1],4362.0,4362,183,4547.510337991511,183,4547.510337991511,False,4547.510337991511
446,execution_finished,1,[31],4447.0,4447,107,4549.242649461257,107,4549.242649461257,False,4549.242649461257
443,execution_finished,1,[9],4431.0,4431,106,4551.635084598288,106,4551.635084598288,False,4551.635084598288
448,execution_finished,1,[8],4457.0,4457,107,4556.554901835316,107,4556.554901835316,False,4556.554901835316
442,execution_finished,1,[14],4402.0,4402,175,4570.590823852332,175,4570.590823852332,False,4570.590823852332
449,execution_finished,1,[13],4463.0,4463,120,4573.433439726938,120,4573.433439726938,False,4573.433439726938
445,execution_finished,1,[12],4441.0,4441,163,4598.393693241138,163,4598.393693241138,False,4598.393693241138
452,execution_finished,1,[0],4484.0,4484,125,4598.887824773812,125,4598.887824773812,False,4598.887824773812
447,execution_finished,1,[19],4456.0,4456,136,4602.7744456566315,136,4602.7744456566315,False,4602.7744456566315
453,execution_finished,1,[24],4513.0,4513,93,4616.316823869011,93,4616.316823869011,False,4616.316823869011
461,execution_finished,1,[31],4577.0,4577,84,4657.265257520988,84,4657.265257520988,False,4657.265257520988
451,execution_finished,1,[21],4484.0,4484,182,4669.717620127494,182,4669.717620127494,False,4669.717620127494
459,execution_finished,1,[1],4562.0,4562,116,4679.591252497351,116,4679.591252497351,False,4679.591252497351
456,execution_finished,1,[4],4540.0,4540,133,4680.820940925907,133,4680.820940925907,False,4680.820940925907
450,execution_finished,1,[2],4476.0,4476,176,4682.806646582883,176,4682.806646582883,False,4682.806646582883
458,execution_finished,1,[6],4558.0,4558,153,4715.010608881912,153,4715.010608881912,False,4715.010608881912
464,execution_finished,1,[8],4614.0,4614,112,4718.207000051919,112,4718.207000051919,False,4718.207000051919
455,execution_finished,1,[17],4537.0,4537,156,4718.229222338357,156,4718.229222338357,False,4718.229222338357
462,execution_finished,1,[12],4600.0,4600,149,4743.875216521041,149,4743.875216521041,False,4743.875216521041
460,execution_finished,1,[14],4572.0,4572,191,4756.004842033117,191,4756.004842033117,False,4756.004842033117
457,execution_finished,1,[9],4557.0,4557,175,4756.1616962707585,175,4756.1616962707585,False,4756.1616962707585
454,execution_finished,1,[7],4527.0,4527,242,4773.4085658806625,242,4773.4085658806625,False,4773.4085658806625
469,execution_finished,1,[0],4677.0,4677,107,4775.343978006384,107,4775.343978006384,False,4775.343978006384
463,execution_finished,1,[19],4613.0,4613,152,4777.042027498588,152,4777.042027498588,False,4777.042027498588
470,execution_finished,1,[1],4680.0,4680,104,4785.426640170039,104,4785.426640170039,False,4785.426640170039
465,execution_finished,1,[13],4614.0,4614,190,4788.852946234318,190,4788.852946234318,False,4788.852946234318
472,execution_finished,1,[4],4700.0,4700,111,4817.527251449442,111,4817.527251449442,False,4817.527251449442
468,execution_finished,1,[21],4671.0,4671,145,4818.961840211466,145,4818.961840211466,False,4818.961840211466
467,execution_finished,1,[31],4669.0,4669,192,4852.463445762257,192,4852.463445762257,False,4852.463445762257
466,execution_finished,1,[24],4663.0,4663,184,4867.411780558044,184,4867.411780558044,False,4867.411780558044
477,execution_finished,1,[14],4763.0,4763,112,4870.898127265493,112,4870.898127265493,False,4870.898127265493
473,execution_finished,1,[17],4721.0,4721,135,4877.832980869733,135,4877.832980869733,False,4877.832980869733
478,execution_finished,1,[8],4767.0,4767,135,4892.606651848295,135,4892.606651848295,False,4892.606651848295
480,execution_finished,1,[0],4775.343978006384,4773,136,4900.341931360292,136,4900.341931360292,False,4900.341931360292
479,execution_finished,1,[7],4773.4085658806625,4768,130,4905.77680375044,130,4905.77680375044,False,4905.77680375044
471,execution_finished,1,[2],4683.0,4683,191,4907.432213053015,191,4907.432213053015,False,4907.432213053015
474,execution_finished,1,[6],4749.0,4749,155,4908.063035141806,155,4908.063035141806,False,4908.063035141806
475,execution_finished,1,[12],4751.0,4751,170,4915.152931601187,170,4915.152931601187,False,4915.152931601187
483,execution_finished,1,[4],4829.0,4829,90,4924.2923660400875,90,4924.2923660400875,False,4924.2923660400875
476,execution_finished,1,[9],4760.0,4760,172,4955.74749576326,172,4955.74749576326,False,4955.74749576326
481,execution_finished,1,[19],4785.0,4785,163,4960.913490014934,163,4960.913490014934,False,4960.913490014934
482,execution_finished,1,[1],4810.0,4810,173,4985.373161052084,173,4985.373161052084,False,4985.373161052084
486,execution_finished,1,[17],4889.0,4889,95,4999.363949500923,95,4999.363949500923,False,4999.363949500923
487,execution_finished,1,[14],4890.0,4890,134,5019.092402264071,134,5019.092402264071,False,5019.092402264071
485,execution_finished,1,[21],4868.0,4868,158,5029.227384506286,158,5029.227384506286,False,5029.227384506286
484,execution_finished,1,[24],4868.0,4868,147,5031.307237728437,147,5031.307237728437,False,5031.307237728437
493,execution_finished,1,[7],4994.0,4994,73,5068.329856649952,73,5068.329856649952,False,5068.329856649952
490,execution_finished,1,[6],4955.0,4955,123,5081.224214983497,123,5081.224214983497,False,5081.224214983497
491,execution_finished,1,[9],4981.0,4981,91,5084.564082060794,91,5084.564082060794,False,5084.564082060794
489,execution_finished,1,[4],4930.0,4930,158,5097.29104260371,158,5097.29104260371,False,5097.29104260371
492,execution_finished,1,[19],4982.0,4982,119,5110.427639949553,119,5110.427639949553,False,5110.427639949553
494,execution_finished,1,[14],5019.092402264071,5003,121,5135.660914756255,121,5135.660914756255,False,5135.660914756255
488,execution_finished,1,[2],4914.0,4914,212,5163.108006111201,212,5163.108006111201,False,5163.108006111201
495,execution_finished,1,[21],5029.227384506286,5003,188,5221.0675635390835,188,5221.0675635390835,False,5221.0675635390835
497,execution_finished,1,[7],5068.329856649952,5017,157,5228.189959308068,157,5228.189959308068,False,5228.189959308068
498,execution_finished,1,[6],5081.224214983497,5025,173,5258.759086464352,173,5258.759086464352,False,5258.759086464352
500,execution_finished,1,[4],5097.29104260371,5039,166,5273.052517744316,166,5273.052517744316,False,5273.052517744316
496,execution_finished,1,[24],5031.307237728437,5004,219,5274.601693936108,219,5274.601693936108,False,5274.601693936108
499,execution_finished,1,[9],5084.564082060794,5037,182,5291.692246182383,182,5291.692246182383,False,5291.692246182383
