time,nb_sleeping,nb_switching_on,nb_switching_off,nb_idle,nb_computing
0.0,0,0,30,2,0
10.0,0,0,30,2,0
10.0,0,0,30,1,1
23.0,0,0,30,1,1
23.0,0,0,30,0,2
40.0,0,0,30,0,2
69.0,0,0,30,0,2
72.0,0,0,30,0,2
89.0,0,0,30,0,2
92.17633508101079,0,0,30,1,1
92.17633508101079,0,0,30,0,2
123.0,0,0,30,0,2
128.11170518530804,0,0,30,1,1
128.11170518530804,0,0,30,0,2
132.0,0,0,30,0,2
136.0,0,0,30,0,2
144.0,0,0,30,0,2
148.0,0,0,30,0,2
166.0,0,0,30,0,2
173.0,0,0,30,0,2
178.0,0,0,30,0,2
195.0,0,0,30,0,2
198.0,0,0,30,0,2
225.0,0,0,30,0,2
250.5896920968844,0,0,30,1,1
250.5896920968844,0,0,30,0,2
251.0,0,0,30,0,2
260.35116036307943,0,0,30,1,1
260.35116036307943,0,0,30,0,2
272.0,0,0,30,0,2
277.0,0,0,30,0,2
282.0,0,0,30,0,2
300.0,30,0,0,0,2
302.0,30,0,0,0,2
312.0,30,0,0,0,2
321.0,30,0,0,0,2
325.0,30,0,0,0,2
328.0,30,0,0,0,2
329.0,30,0,0,0,2
345.0,30,0,0,0,2
361.0,30,0,0,0,2
363.0,30,0,0,0,2
368.0,30,0,0,0,2
372.0,30,0,0,0,2
377.0,30,0,0,0,2
391.0,30,0,0,0,2
397.0,30,0,0,0,2
398.0,30,0,0,0,2
431.0,30,0,0,0,2
442.5328059135339,30,0,0,1,1
442.5328059135339,30,0,0,0,2
448.5923000253948,30,0,0,1,1
448.5923000253948,30,0,0,0,2
457.0,30,0,0,0,2
473.0,30,0,0,0,2
494.0,30,0,0,0,2
500.0,30,0,0,0,2
500.0,4,26,0,0,2
504.0,4,26,0,0,2
507.0,4,26,0,0,2
508.0,4,26,0,0,2
529.3642145448753,4,26,0,1,1
529.3642145448753,4,26,0,0,2
532.0,4,26,0,0,2
534.0,4,26,0,0,2
544.0,4,26,0,0,2
547.0,4,26,0,0,2
556.568182166723,4,26,0,1,1
556.568182166723,4,26,0,0,2
557.0,4,26,0,0,2
588.0,4,26,0,0,2
610.0,4,26,0,0,2
618.9376676593117,4,26,0,1,1
618.9376676593117,4,26,0,0,2
630.0,4,26,0,0,2
634.0,4,26,0,0,2
650.0,4,26,0,0,2
653.0,4,26,0,0,2
655.0,4,26,0,0,2
663.0,4,26,0,0,2
669.0,4,26,0,0,2
694.0,4,26,0,0,2
716.0,4,26,0,0,2
719.0,4,26,0,0,2
719.0097747687211,4,26,0,1,1
719.0097747687211,4,26,0,0,2
728.6194469831114,4,26,0,1,1
728.6194469831114,4,26,0,0,2
731.0,4,26,0,0,2
737.0,4,26,0,0,2
745.0,4,26,0,0,2
748.0,4,26,0,0,2
759.0,4,26,0,0,2
764.0,4,26,0,0,2
769.0,4,26,0,0,2
786.0,4,26,0,0,2
793.0,4,26,0,0,2
800.0,4,0,0,26,2
800.0,4,0,0,0,28
825.0,4,0,0,0,28
833.0,4,0,0,0,28
843.0,4,0,0,0,28
852.0,4,0,0,0,28
856.0,4,0,0,0,28
862.979626654766,4,0,0,1,27
862.979626654766,4,0,0,0,28
866.0,4,0,0,0,28
869.0,4,0,0,0,28
879.0,4,0,0,0,28
891.0571497716393,4,0,0,1,27
891.0571497716393,4,0,0,0,28
894.8289102908836,4,0,0,1,27
894.8289102908836,4,0,0,0,28
897.0,4,0,0,0,28
902.0,4,0,0,0,28
904.0,4,0,0,0,28
905.1374196952396,4,0,0,1,27
905.1374196952396,4,0,0,0,28
906.9627984997056,4,0,0,1,27
906.9627984997056,4,0,0,0,28
910.4334397269376,4,0,0,1,27
910.4334397269376,4,0,0,0,28
918.0,4,0,0,0,28
918.2413312193592,4,0,0,1,27
918.2413312193592,4,0,0,0,28
920.6166828058341,4,0,0,1,27
920.6166828058341,4,0,0,0,28
922.1193624637092,4,0,0,1,27
922.1193624637092,4,0,0,0,28
923.1429331273457,4,0,0,1,27
923.1429331273457,4,0,0,0,28
924.1140355928397,4,0,0,1,27
924.1140355928397,4,0,0,0,28
934.0,4,0,0,0,28
934.4046722985433,4,0,0,1,27
934.4046722985433,4,0,0,0,28
935.1847672009776,4,0,0,1,27
935.1847672009776,4,0,0,0,28
941.0,4,0,0,0,28
942.1847058225501,4,0,0,1,27
942.1847058225501,4,0,0,0,28
945.5323002886068,4,0,0,1,27
945.5323002886068,4,0,0,0,28
951.8808040044271,4,0,0,1,27
951.8808040044271,4,0,0,0,28
957.1796674480837,4,0,0,1,27
957.1796674480837,4,0,0,0,28
961.2273845062866,4,0,0,1,27
961.2273845062866,4,0,0,0,28
965.2359841126568,4,0,0,1,27
965.2359841126568,4,0,0,0,28
972.8766505041353,4,0,0,1,27
972.8766505041353,4,0,0,0,28
974.0,4,0,0,0,28
974.1242258824346,4,0,0,1,27
974.1242258824346,4,0,0,0,28
975.5485962543854,4,0,0,1,27
975.5485962543854,4,0,0,0,28
977.0,4,0,0,0,28
977.2612090790233,4,0,0,1,27
977.2612090790233,4,0,0,0,28
978.7302433360773,4,0,0,1,27
978.7302433360773,4,0,0,0,28
983.6865248237493,4,0,0,1,27
983.6865248237493,4,0,0,0,28
995.3395195871349,4,0,0,1,27
995.3395195871349,4,0,0,0,28
998.5813822301551,4,0,0,1,27
998.5813822301551,4,0,0,0,28
999.0,4,0,0,0,28
1000.0,4,0,0,0,28
1002.4613061660524,4,0,0,1,27
1002.4613061660524,4,0,0,0,28
1006.6395727214943,4,0,0,1,27
1006.6395727214943,4,0,0,0,28
1009.221999086499,4,0,0,1,27
1009.221999086499,4,0,0,0,28
1010.7637188499888,4,0,0,1,27
1010.7637188499888,4,0,0,0,28
1017.5571835487929,4,0,0,1,27
1017.5571835487929,4,0,0,0,28
1031.6744911868554,4,0,0,1,27
1031.6744911868554,4,0,0,0,28
1033.3096419236938,4,0,0,1,27
1033.3096419236938,4,0,0,0,28
1037.2041885126348,4,0,0,1,27
1037.2041885126348,4,0,0,0,28
1038.0,4,0,0,0,28
1042.0,4,0,0,0,28
1044.0,4,0,0,0,28
1050.0,4,0,0,0,28
1052.0,4,0,0,0,28
1052.4353266295045,4,0,0,1,27
1052.4353266295045,4,0,0,0,28
1054.4179467442332,4,0,0,1,27
1054.4179467442332,4,0,0,0,28
1073.178247989554,4,0,0,1,27
1073.178247989554,4,0,0,0,28
1075.5115303173627,4,0,0,1,27
1075.5115303173627,4,0,0,0,28
1076.0,4,0,0,0,28
1078.0,4,0,0,0,28
1078.4880872517215,4,0,0,1,27
1078.4880872517215,4,0,0,0,28
1083.7594899860387,4,0,0,1,27
1083.7594899860387,4,0,0,0,28
1086.0,4,0,0,0,28
1089.2646115948562,4,0,0,1,27
1089.2646115948562,4,0,0,0,28
1091.902969298609,4,0,0,1,27
1091.902969298609,4,0,0,0,28
1092.0,4,0,0,0,28
1109.0,4,0,0,0,28
1110.1976143464599,4,0,0,1,27
1110.1976143464599,4,0,0,0,28
1111.0541885642078,4,0,0,1,27
1111.0541885642078,4,0,0,0,28
1117.0453999397237,4,0,0,1,27
1117.0453999397237,4,0,0,0,28
1120.0,4,0,0,0,28
1123.6507609141959,4,0,0,1,27
1123.6507609141959,4,0,0,0,28
1125.7360046341078,4,0,0,1,27
1125.7360046341078,4,0,0,0,28
1131.878069005228,4,0,0,1,27
1131.878069005228,4,0,0,0,28
1135.3560453088687,4,0,0,1,27
1135.3560453088687,4,0,0,0,28
1140.8224457284794,4,0,0,1,27
1140.8224457284794,4,0,0,0,28
1141.0,4,0,0,0,28
1147.0,4,0,0,0,28
1147.2120701045703,4,0,0,1,27
1147.2120701045703,4,0,0,0,28
1148.9124641820263,4,0,0,1,27
1148.9124641820263,4,0,0,0,28
1152.2992546250152,4,0,0,1,27
1152.2992546250152,4,0,0,0,28
1158.0,4,0,0,0,28
1164.0,4,0,0,0,28
1165.5386897607907,4,0,0,1,27
1165.5386897607907,4,0,0,0,28
1167.4571642777291,4,0,0,1,27
1167.4571642777291,4,0,0,0,28
1169.0,4,0,0,0,28
1171.0,4,0,0,0,28
1179.4854068511297,4,0,0,1,27
1179.4854068511297,4,0,0,0,28
1180.0,4,0,0,0,28
1184.0,4,0,0,0,28
1184.203695983536,4,0,0,1,27
1184.203695983536,4,0,0,0,28
1193.0,4,0,0,0,28
1195.4283484112993,4,0,0,1,27
1195.4283484112993,4,0,0,0,28
1198.0,4,0,0,0,28
1199.7078393711583,4,0,0,1,27
1199.7078393711583,4,0,0,0,28
1203.592612179537,4,0,0,1,27
1203.592612179537,4,0,0,0,28
1205.1517935565146,4,0,0,1,27
1205.1517935565146,4,0,0,0,28
1208.0,4,0,0,0,28
1219.9605901928962,4,0,0,1,27
1219.9605901928962,4,0,0,0,28
1222.154764195959,4,0,0,1,27
1222.154764195959,4,0,0,0,28
1223.8809859653763,4,0,0,1,27
1223.8809859653763,4,0,0,0,28
1235.9390106946007,4,0,0,1,27
1235.9390106946007,4,0,0,0,28
1240.0,4,0,0,0,28
1241.281704363191,4,0,0,1,27
1241.281704363191,4,0,0,0,28
1242.0883497296304,4,0,0,1,27
1242.0883497296304,4,0,0,0,28
1248.3782588952322,4,0,0,1,27
1248.3782588952322,4,0,0,0,28
1250.5219135988584,4,0,0,1,27
1250.5219135988584,4,0,0,0,28
1251.8568242160534,4,0,0,1,27
1251.8568242160534,4,0,0,0,28
1252.0884431860095,4,0,0,1,27
1252.0884431860095,4,0,0,0,28
1252.2089226345015,4,0,0,1,27
1252.2089226345015,4,0,0,0,28
1257.0,4,0,0,0,28
1258.7726248013448,4,0,0,1,27
1258.7726248013448,4,0,0,0,28
1261.0,4,0,0,0,28
1270.3650099894032,4,0,0,1,27
1270.3650099894032,4,0,0,0,28
1271.6606683934185,4,0,0,1,27
1272.287286218823,4,0,0,2,26
1273.4778886766899,4,0,0,3,25
1282.6514442858188,4,0,0,4,24
1292.0,4,0,0,4,24
1292.0,4,0,0,3,25
1293.0,4,0,0,3,25
1293.0,4,0,0,2,26
1298.0,4,0,0,2,26
1298.0,4,0,0,1,27
1299.0,4,0,0,1,27
1299.0,4,0,0,0,28
1307.0,4,0,0,0,28
1311.0,4,0,0,0,28
1314.1327781035152,4,0,0,1,27
1314.1327781035152,4,0,0,0,28
1314.578776616473,4,0,0,1,27
1314.578776616473,4,0,0,0,28
1317.0,4,0,0,0,28
1317.6089048721378,4,0,0,1,27
1317.6089048721378,4,0,0,0,28
1318.0,4,0,0,0,28
1320.9010553316298,4,0,0,1,27
1320.9010553316298,4,0,0,0,28
1321.0,4,0,0,0,28
1323.0,4,0,0,0,28
1323.0636499891978,4,0,0,1,27
1323.0636499891978,4,0,0,0,28
1326.4429908768122,4,0,0,1,27
1326.4429908768122,4,0,0,0,28
1327.0,4,0,0,0,28
1329.0,4,0,0,0,28
1332.4868664202831,4,0,0,1,27
1332.4868664202831,4,0,0,0,28
1333.1304556227635,4,0,0,1,27
1333.1304556227635,4,0,0,0,28
1338.8027911448423,4,0,0,1,27
1338.8027911448423,4,0,0,0,28
1346.6604528208607,4,0,0,1,27
1356.0570719052523,4,0,0,2,26
1363.3548575938364,4,0,0,3,25
1364.5095772683346,4,0,0,4,24
1367.7622542170952,4,0,0,5,23
1368.0,4,0,0,5,23
1368.0,4,0,0,4,24
1370.5818138244965,4,0,0,5,23
1373.1493467634891,4,0,0,6,22
1376.9998857672833,4,0,0,7,21
1377.4458096649917,4,0,0,8,20
1378.3315329768307,4,0,0,9,19
1379.2936179850085,4,0,0,10,18
1384.0,4,0,0,10,18
1384.0,4,0,0,9,19
1388.0,4,0,0,9,19
1388.0,4,0,0,8,20
1389.0,4,0,0,8,20
1389.0,4,0,0,7,21
1392.0,4,0,0,7,21
1392.0,4,0,0,6,22
1401.0,4,0,0,6,22
1401.0,4,0,0,5,23
1404.4690304843712,4,0,0,6,22
1411.0,4,0,0,6,22
1411.0,4,0,0,5,23
1420.179949684744,4,0,0,6,22
1423.0,4,0,0,6,22
1423.0,4,0,0,5,23
1423.0286557928068,4,0,0,6,22
1424.0,4,0,0,6,22
1424.0,4,0,0,5,23
1426.2035868454861,4,0,0,6,22
1431.0,4,0,0,6,22
1431.0,4,0,0,5,23
1442.0,4,0,0,5,23
1442.0,4,0,0,4,24
1449.994706653953,4,0,0,5,23
1452.381886376132,4,0,0,6,22
1453.8479125930282,4,0,0,7,21
1453.8682377851571,4,0,0,8,20
1454.0,4,0,0,8,20
1454.0,4,0,0,7,21
1459.2273845062866,4,0,0,8,20
1459.2802740003492,4,0,0,9,19
1461.4028778820937,4,0,0,10,18
1462.9717001307617,4,0,0,11,17
1475.3695612126476,4,0,0,12,16
1476.0,4,0,0,12,16
1476.0,4,0,0,11,17
1477.0,4,0,0,11,17
1477.0,4,0,0,10,18
1482.0152236971448,4,0,0,11,17
1483.4579445447926,4,0,0,12,16
1493.0,4,0,0,12,16
1493.0,4,0,0,11,17
1497.1428690431828,4,0,0,12,16
1499.0,4,0,0,12,16
1499.0,4,0,0,11,17
1500.0,4,0,0,11,17
1500.0,4,0,11,0,17
1503.0,4,0,11,0,17
1503.6477108442332,4,0,11,1,16
1503.6477108442332,4,0,11,0,17
1507.1189289237352,4,0,11,1,16
1514.3186185027853,4,0,11,2,15
1518.0,4,0,11,2,15
1518.0,4,0,11,1,16
1527.202273855174,4,0,11,2,15
1528.0,4,0,11,2,15
1528.0,4,0,11,1,16
1530.2338494262879,4,0,11,2,15
1533.2297961137851,4,0,11,3,14
1538.1145543845023,4,0,11,4,13
1538.7708373429282,4,0,11,5,12
1545.0,4,0,11,5,12
1545.0,4,0,11,4,13
1546.4568673140195,4,0,11,5,12
1550.0,4,0,11,5,12
1550.0,4,0,11,4,13
1552.0,4,0,11,4,13
1552.0,4,0,11,3,14
1566.6874010693637,4,0,11,4,13
1573.5048942407636,4,0,11,5,12
1581.6961477286698,4,0,11,6,11
1585.0,4,0,11,6,11
1585.0,4,0,11,5,12
1586.0,4,0,11,5,12
1586.0,4,0,11,4,13
1612.0,4,0,11,4,13
1612.0,4,0,11,3,14
1616.974372342386,4,0,11,4,13
1626.0,4,0,11,4,13
1626.0,4,0,11,3,14
1632.0,4,0,11,3,14
1632.0,4,0,11,2,15
1640.2682374747205,4,0,11,3,14
1642.0,4,0,11,3,14
1642.0,4,0,11,1,16
1648.0,4,0,11,1,16
1648.0,4,0,11,0,17
1650.0,4,0,11,0,17
1651.928436585468,4,0,11,1,16
1651.928436585468,4,0,11,0,17
1656.1607206828921,4,0,11,1,16
1659.0038703311434,4,0,11,2,15
1662.3251664412774,4,0,11,3,14
1679.9733105081132,4,0,11,4,13
1681.0,4,0,11,4,13
1681.0,4,0,11,3,14
1682.1108131579035,4,0,11,4,13
1685.0303102167434,4,0,11,5,12
1689.0,4,0,11,5,12
1689.0,4,0,11,4,13
1693.8797449930194,4,0,11,5,12
1695.0,4,0,11,5,12
1695.0,4,0,11,4,13
1723.0,4,0,11,4,13
1723.0,4,0,11,3,14
1732.8106218224448,4,0,11,4,13
1735.525909528224,4,0,11,5,12
1737.0,4,0,11,5,12
1737.0,4,0,11,4,13
1738.0678393385604,4,0,11,5,12
1750.0,4,0,11,5,12
1750.0,4,0,11,4,13
1768.9984556859783,4,0,11,5,12
1774.836158550289,4,0,11,6,11
1784.8168348858817,4,0,11,7,10
1789.9618402114656,4,0,11,8,9
1793.2192865020568,4,0,11,9,8
1797.0,4,0,11,9,8
1797.0,4,0,11,8,9
1798.0,4,0,11,8,9
1798.0,4,0,11,7,10
1798.3337502320715,4,0,11,8,9
1800.0,15,0,0,8,9
1816.3484160844305,15,0,0,9,8
1817.0,15,0,0,9,8
1817.0,15,0,0,8,9
1819.9388799192259,15,0,0,9,8
1820.0,15,0,0,9,8
1820.0,15,0,0,8,9
1828.0,15,0,0,8,9
1828.0,15,0,0,7,10
1836.0,15,0,0,7,10
1836.0,15,0,0,6,11
1842.0,15,0,0,6,11
1842.0,15,0,0,4,13
1844.0,15,0,0,4,13
1844.0,15,0,0,3,14
1858.0,15,0,0,3,14
1858.0,15,0,0,2,15
1859.735801924315,15,0,0,3,14
1861.0,15,0,0,3,14
1861.0,15,0,0,2,15
1863.0,15,0,0,2,15
1863.0,15,0,0,1,16
1863.073369687163,15,0,0,2,15
1865.0,15,0,0,2,15
1865.0,15,0,0,1,16
1868.0,15,0,0,1,16
1868.0,15,0,0,0,17
1872.0,15,0,0,0,17
1876.3606496384837,15,0,0,1,16
1876.3606496384837,15,0,0,0,17
1879.0,15,0,0,0,17
1897.4674238524399,15,0,0,1,16
1897.4674238524399,15,0,0,0,17
1898.0,15,0,0,0,17
1900.0,15,0,0,0,17
1939.6174119327047,15,0,0,1,16
1939.6174119327047,15,0,0,0,17
1953.0,15,0,0,0,17
1957.0,15,0,0,0,17
1971.0757844078837,15,0,0,1,16
1971.0757844078837,15,0,0,0,17
1972.0,15,0,0,0,17
1976.8198904216338,15,0,0,1,16
1976.8198904216338,15,0,0,0,17
1981.0,15,0,0,0,17
1984.0622217318835,15,0,0,1,16
1984.0622217318835,15,0,0,0,17
1985.1995770436793,15,0,0,1,16
1985.1995770436793,15,0,0,0,17
1988.0,15,0,0,0,17
1998.9378873419423,15,0,0,1,16
1998.9378873419423,15,0,0,0,17
2000.0,15,0,0,0,17
2003.8026356518455,15,0,0,1,16
2003.8026356518455,15,0,0,0,17
2003.8471908982385,15,0,0,1,16
2004.9147543012646,15,0,0,2,15
2010.6586957497304,15,0,0,3,14
2014.0,15,0,0,3,14
2014.0,15,0,0,2,15
2017.7993260643627,15,0,0,3,14
2024.0,15,0,0,3,14
2024.0,15,0,0,2,15
2026.4059554410476,15,0,0,3,14
2028.651824141887,15,0,0,4,13
2033.0,15,0,0,4,13
2033.0,15,0,0,3,14
2036.1957754688615,15,0,0,4,13
2038.2408923500698,15,0,0,5,12
2039.0,15,0,0,5,12
2039.0,15,0,0,4,13
2041.0,15,0,0,4,13
2041.0,15,0,0,3,14
2049.0,15,0,0,3,14
2049.0,15,0,0,2,15
2055.33824085775,15,0,0,3,14
2066.0,15,0,0,3,14
2066.0,15,0,0,2,15
2075.8141882128584,15,0,0,3,14
2086.0,15,0,0,3,14
2086.0,15,0,0,2,15
2090.0,15,0,0,2,15
2090.0,15,0,0,1,16
2094.389412896703,15,0,0,2,15
2094.575594554722,15,0,0,3,14
2096.0,15,0,0,3,14
2096.0,15,0,0,2,15
2112.5620558248593,15,0,0,3,14
2114.893315867605,15,0,0,4,13
2117.2840910833615,15,0,0,5,12
2124.0,15,0,0,5,12
2124.0,15,0,0,4,13
2127.0,15,0,0,4,13
2127.0,15,0,0,3,14
2132.0,15,0,0,3,14
2132.0,15,0,0,1,16
2135.0509239958837,15,0,0,2,15
2140.0287911899372,15,0,0,3,14
2147.0,15,0,0,3,14
2147.0,15,0,0,2,15
2154.4195065073804,15,0,0,3,14
2165.0,15,0,0,3,14
2165.0,15,0,0,2,15
2167.0,15,0,0,2,15
2167.0,15,0,0,1,16
2183.0,15,0,0,1,16
2183.0,15,0,0,0,17
2184.0,15,0,0,0,17
2185.0,15,0,0,0,17
2185.0386200091534,15,0,0,1,16
2185.0386200091534,15,0,0,0,17
2195.7690165862014,15,0,0,1,16
2195.7690165862014,15,0,0,0,17
2208.581092630135,15,0,0,1,16
2214.951562048447,15,0,0,2,15
2222.8239681689565,15,0,0,3,14
2225.0,15,0,0,3,14
2225.0,15,0,0,2,15
2230.1261498118347,15,0,0,3,14
2234.6213129947137,15,0,0,4,13
2235.3363750843682,15,0,0,5,12
2237.8217227146115,15,0,0,6,11
2241.0,15,0,0,6,11
2241.0,15,0,0,5,12
2246.0,15,0,0,5,12
2246.0,15,0,0,3,14
2254.426473117159,15,0,0,4,13
2260.0,15,0,0,4,13
2260.0,15,0,0,3,14
2264.0,15,0,0,3,14
2264.0,15,0,0,2,15
2269.0,15,0,0,2,15
2269.0,15,0,0,1,16
2272.0,15,0,0,1,16
2272.0,15,0,0,0,17
2282.975127241857,15,0,0,1,16
2285.0,15,0,0,1,16
2285.0,15,0,0,0,17
2291.615997926387,15,0,0,1,16
2297.0,15,0,0,1,16
2297.0,15,0,0,0,17
2297.0789797880752,15,0,0,1,16
2298.0,15,0,0,1,16
2298.0,15,0,0,0,17
2301.4307024659965,15,0,0,1,16
2301.6636068820235,15,0,0,2,15
2306.4208664672624,15,0,0,3,14
2334.2074222621864,15,0,0,4,13
2337.0,15,0,0,4,13
2337.0,15,0,0,3,14
2340.0,15,0,0,3,14
2340.0,15,0,0,2,15
2352.3372334949154,15,0,0,3,14
2354.0,15,0,0,3,14
2354.0,15,0,0,2,15
2364.854966288058,15,0,0,3,14
2366.0,15,0,0,3,14
2366.0,15,0,0,2,15
2367.6244821919945,15,0,0,3,14
2374.173340423624,15,0,0,4,13
2381.8329808697326,15,0,0,5,12
2385.385393173679,15,0,0,6,11
2406.3606850011074,15,0,0,7,10
2425.0,15,0,0,7,10
2425.0,15,0,0,6,11
2426.3295169273715,15,0,0,7,10
2435.0,15,0,0,7,10
2435.0,15,0,0,6,11
2439.4575501961426,15,0,0,7,10
2451.0,15,0,0,7,10
2451.0,15,0,0,6,11
2451.3088354185325,15,0,0,7,10
2454.0,15,0,0,7,10
2454.0,15,0,0,6,11
2456.0,15,0,0,6,11
2456.0,15,0,0,5,12
2459.0,15,0,0,5,12
2459.0,15,0,0,4,13
2461.2312459593136,15,0,0,5,12
2461.382246458109,15,0,0,6,11
2462.0,15,0,0,6,11
2462.0,15,0,0,5,12
2465.0,15,0,0,5,12
2465.0,15,0,0,4,13
2472.0,15,0,0,4,13
2472.0,15,0,0,3,14
2474.0,15,0,0,3,14
2474.0,15,0,0,2,15
2479.0,15,0,0,2,15
2479.0,15,0,0,1,16
2487.4048338784605,15,0,0,2,15
2489.0,15,0,0,2,15
2489.0,15,0,0,0,17
2491.0,15,0,0,0,17
2496.0,15,0,0,0,17
2496.396003707101,15,0,0,1,16
2496.396003707101,15,0,0,0,17
2500.0,15,0,0,0,17
2500.0,6,9,0,0,17
2503.8183806226916,6,9,0,1,16
2503.8183806226916,6,9,0,0,17
2510.0,6,9,0,0,17
2512.191290180774,6,9,0,1,16
2512.191290180774,6,9,0,0,17
2520.0,6,9,0,0,17
2526.0,6,9,0,0,17
2528.0,6,9,0,0,17
2544.760622585074,6,9,0,1,16
2544.760622585074,6,9,0,0,17
2553.0,6,9,0,0,17
2559.4920310744747,6,9,0,1,16
2559.4920310744747,6,9,0,0,17
2560.0,6,9,0,0,17
2563.876373081439,6,9,0,1,16
2563.876373081439,6,9,0,0,17
2571.252643527283,6,9,0,1,16
2571.252643527283,6,9,0,0,17
2573.0,6,9,0,0,17
2575.0,6,9,0,0,17
2578.4663999131662,6,9,0,1,16
2578.4663999131662,6,9,0,0,17
2581.0,6,9,0,0,17
2583.0,6,9,0,0,17
2585.0,6,9,0,0,17
2589.0,6,9,0,0,17
2596.0,6,9,0,0,17
2597.0,6,9,0,0,17
2610.0,6,9,0,0,17
2618.0,6,9,0,0,17
2622.0,6,9,0,0,17
2624.755042284689,6,9,0,1,16
2624.755042284689,6,9,0,0,17
2636.434092728084,6,9,0,1,16
2636.434092728084,6,9,0,0,17
2637.0,6,9,0,0,17
2637.378642122394,6,9,0,1,16
2637.378642122394,6,9,0,0,17
2644.266794727689,6,9,0,1,16
2644.266794727689,6,9,0,0,17
2644.996691409054,6,9,0,1,16
2644.996691409054,6,9,0,0,17
2646.490716919189,6,9,0,1,16
2646.490716919189,6,9,0,0,17
2650.0,6,9,0,0,17
2654.7935078645487,6,9,0,1,16
2654.7935078645487,6,9,0,0,17
2655.0,6,9,0,0,17
2656.0,6,9,0,0,17
2656.8063987087394,6,9,0,1,16
2656.8063987087394,6,9,0,0,17
2668.79980953822,6,9,0,1,16
2668.79980953822,6,9,0,0,17
2672.3822363502004,6,9,0,1,16
2672.3822363502004,6,9,0,0,17
2674.658724834481,6,9,0,1,16
2674.658724834481,6,9,0,0,17
2689.0,6,9,0,0,17
2693.501984259575,6,9,0,1,16
2693.501984259575,6,9,0,0,17
2695.0,6,9,0,0,17
2695.9366931738095,6,9,0,1,16
2695.9366931738095,6,9,0,0,17
2696.183522617682,6,9,0,1,16
2696.183522617682,6,9,0,0,17
2697.0,6,9,0,0,17
2702.0,6,9,0,0,17
2712.0,6,9,0,0,17
2714.0,6,9,0,0,17
2728.0,6,9,0,0,17
2730.0,6,9,0,0,17
2732.0,6,9,0,0,17
2735.0,6,9,0,0,17
2736.0,6,9,0,0,17
2737.3087590597597,6,9,0,1,16
2737.3087590597597,6,9,0,0,17
2741.0,6,9,0,0,17
2744.6141531856533,6,9,0,1,16
2744.6141531856533,6,9,0,0,17
2746.333270463929,6,9,0,1,16
2746.333270463929,6,9,0,0,17
2752.015686970951,6,9,0,1,16
2752.015686970951,6,9,0,0,17
2753.0,6,9,0,0,17
2754.0,6,9,0,0,17
2755.0,6,9,0,0,17
2755.413916044139,6,9,0,1,16
2755.413916044139,6,9,0,0,17
2760.0,6,9,0,0,17
2769.0,6,9,0,0,17
2770.032557913412,6,9,0,1,16
2770.032557913412,6,9,0,0,17
2775.665553673083,6,9,0,1,16
2775.665553673083,6,9,0,0,17
2780.77506343734,6,9,0,1,16
2780.77506343734,6,9,0,0,17
2787.0,6,9,0,0,17
2790.0,6,9,0,0,17
2797.430860704256,6,9,0,1,16
2797.430860704256,6,9,0,0,17
2798.0,6,9,0,0,17
2800.0,6,0,0,9,17
2800.0,6,0,0,0,26
2801.4948833847698,6,0,0,1,25
2801.4948833847698,6,0,0,0,26
2803.0,6,0,0,0,26
2809.0,6,0,0,0,26
2812.0,6,0,0,0,26
2816.5745002506073,6,0,0,1,25
2816.5745002506073,6,0,0,0,26
2817.0,6,0,0,0,26
2832.405011287893,6,0,0,1,25
2832.405011287893,6,0,0,0,26
2833.0,6,0,0,0,26
2837.0,6,0,0,0,26
2847.0,6,0,0,0,26
2855.5741537757654,6,0,0,1,25
2855.5741537757654,6,0,0,0,26
2863.0,6,0,0,0,26
2864.0,6,0,0,0,26
2868.9109681552045,6,0,0,1,25
2868.9109681552045,6,0,0,0,26
2869.3415373963103,6,0,0,1,25
2869.3415373963103,6,0,0,0,26
2869.789733367193,6,0,0,1,25
2869.789733367193,6,0,0,0,26
2875.6401043525843,6,0,0,1,25
2875.6401043525843,6,0,0,0,26
2880.0,6,0,0,0,26
2881.523803774469,6,0,0,1,25
2881.523803774469,6,0,0,0,26
2883.0,6,0,0,0,26
2897.262502405757,6,0,0,1,25
2897.262502405757,6,0,0,0,26
2899.0,6,0,0,0,26
2901.036351755996,6,0,0,1,25
2901.036351755996,6,0,0,0,26
2903.0,6,0,0,0,26
2905.0,6,0,0,0,26
2908.0,6,0,0,0,26
2908.238549050626,6,0,0,1,25
2908.238549050626,6,0,0,0,26
2913.3212618306043,6,0,0,1,25
2913.3212618306043,6,0,0,0,26
2913.573372860968,6,0,0,1,25
2913.573372860968,6,0,0,0,26
2913.9243916217947,6,0,0,1,25
2913.9243916217947,6,0,0,0,26
2921.0,6,0,0,0,26
2921.0136553528946,6,0,0,1,25
2921.0136553528946,6,0,0,0,26
2921.6461232731217,6,0,0,1,25
2921.6461232731217,6,0,0,0,26
2926.8655387831445,6,0,0,1,25
2926.8655387831445,6,0,0,0,26
2927.8659918768126,6,0,0,1,25
2927.8659918768126,6,0,0,0,26
2938.0,6,0,0,0,26
2940.2051735369682,6,0,0,1,25
2940.2051735369682,6,0,0,0,26
2944.497623525948,6,0,0,1,25
2944.497623525948,6,0,0,0,26
2950.798914546943,6,0,0,1,25
2950.798914546943,6,0,0,0,26
2952.0,6,0,0,0,26
2953.0,6,0,0,0,26
2962.540219164216,6,0,0,1,25
2962.540219164216,6,0,0,0,26
2966.014248460869,6,0,0,1,25
2966.014248460869,6,0,0,0,26
2966.4016172228894,6,0,0,1,25
2966.4016172228894,6,0,0,0,26
2968.0,6,0,0,0,26
2969.961852100192,6,0,0,1,25
2969.961852100192,6,0,0,0,26
2972.0,6,0,0,0,26
2972.536301624046,6,0,0,1,25
2972.536301624046,6,0,0,0,26
2977.772471556996,6,0,0,1,25
2977.772471556996,6,0,0,0,26
2980.551872093175,6,0,0,1,25
2980.551872093175,6,0,0,0,26
2985.7672997958466,6,0,0,1,25
2985.7672997958466,6,0,0,0,26
2985.931601019145,6,0,0,1,25
2993.0,6,0,0,1,25
2993.0,6,0,0,0,26
2995.0523069614105,6,0,0,1,25
2995.221243233112,6,0,0,2,24
3000.0,6,0,0,2,24
3000.0,6,0,2,0,24
3001.0,6,0,2,0,24
3005.9941787602247,6,0,2,1,23
3005.9941787602247,6,0,2,0,24
3022.0,6,0,2,0,24
3028.379154087042,6,0,2,1,23
3028.379154087042,6,0,2,0,24
3031.0,6,0,2,0,24
3036.0,6,0,2,0,24
3041.1333316249,6,0,2,1,23
3041.1333316249,6,0,2,0,24
3041.978940343967,6,0,2,1,23
3041.978940343967,6,0,2,0,24
3042.4864020689506,6,0,2,1,23
3046.0,6,0,2,1,23
3046.0,6,0,2,0,24
3046.5644076693675,6,0,2,1,23
3047.0,6,0,2,1,23
3047.0,6,0,2,0,24
3050.0,6,0,2,0,24
3059.5117296493263,6,0,2,1,23
3059.5117296493263,6,0,2,0,24
3066.4298392314,6,0,2,1,23
3069.761852881255,6,0,2,2,22
3069.9303286297427,6,0,2,3,21
3073.8086741066745,6,0,2,4,20
3086.1212127039494,6,0,2,5,19
3090.573405946493,6,0,2,6,18
3097.196037875974,6,0,2,7,17
3110.0,6,0,2,7,17
3110.0,6,0,2,6,18
3110.8634562083084,6,0,2,7,17
3119.0395725106987,6,0,2,8,16
3119.712018963705,6,0,2,9,15
3124.115343738194,6,0,2,10,14
3129.0,6,0,2,10,14
3129.0,6,0,2,9,15
3129.614510938778,6,0,2,10,14
3135.0,6,0,2,10,14
3135.0,6,0,2,9,15
3137.326680294205,6,0,2,10,14
3140.0,6,0,2,10,14
3140.0,6,0,2,9,15
3142.0,6,0,2,9,15
3142.0,6,0,2,8,16
3143.350177529916,6,0,2,9,15
3145.3940709685953,6,0,2,10,14
3145.84611045359,6,0,2,11,13
3150.0,6,0,2,11,13
3150.0,6,0,2,9,15
3150.7723330578433,6,0,2,10,14
3154.0,6,0,2,10,14
3154.0,6,0,2,9,15
3161.7773135901125,6,0,2,10,14
3163.0,6,0,2,10,14
3163.0,6,0,2,9,15
3171.0,6,0,2,9,15
3171.0,6,0,2,7,17
3175.0,6,0,2,7,17
3175.0,6,0,2,6,18
3182.0,6,0,2,6,18
3182.0,6,0,2,5,19
3186.033892383715,6,0,2,6,18
3193.066910619929,6,0,2,7,17
3198.5888215045957,6,0,2,8,16
3203.910154431813,6,0,2,9,15
3204.0,6,0,2,9,15
3204.0,6,0,2,8,16
3232.0,6,0,2,8,16
3232.0,6,0,2,7,17
3234.0,6,0,2,7,17
3234.0,6,0,2,5,19
3243.4470433214956,6,0,2,6,18
3246.0,6,0,2,6,18
3246.0,6,0,2,5,19
3247.6631438024683,6,0,2,6,18
3249.542571815683,6,0,2,7,17
3255.359181695242,6,0,2,8,16
3262.0,6,0,2,8,16
3262.0,6,0,2,7,17
3269.5688198906496,6,0,2,8,16
3271.1529520244785,6,0,2,9,15
3274.081246583997,6,0,2,10,14
3277.0,6,0,2,10,14
3277.0,6,0,2,9,15
3284.0,6,0,2,9,15
3284.0,6,0,2,8,16
3293.0,6,0,2,8,16
3293.0,6,0,2,7,17
3294.366827404931,6,0,2,8,16
3300.0,8,0,0,8,16
3303.8619056783837,8,0,0,9,15
3305.521245170148,8,0,0,10,14
3311.7720791434404,8,0,0,11,13
3314.9685885228814,8,0,0,12,12
3323.0,8,0,0,12,12
3323.0,8,0,0,11,13
3327.0,8,0,0,11,13
3327.0,8,0,0,10,14
3333.0,8,0,0,10,14
3333.0,8,0,0,8,16
3336.0,8,0,0,8,16
3336.0,8,0,0,7,17
3337.9876231587964,8,0,0,8,16
3347.9963605499597,8,0,0,9,15
3350.9414137272483,8,0,0,10,14
3351.280542305401,8,0,0,11,13
3369.0,8,0,0,11,13
3369.0,8,0,0,10,14
3370.0,8,0,0,10,14
3370.0,8,0,0,9,15
3389.5889854537218,8,0,0,10,14
3390.0,8,0,0,10,14
3390.0,8,0,0,9,15
3393.1725784220243,8,0,0,10,14
3395.0,8,0,0,10,14
3395.0,8,0,0,9,15
3406.1582326992534,8,0,0,10,14
3407.0,8,0,0,10,14
3407.0,8,0,0,9,15
3407.058053657651,8,0,0,10,14
3416.517370689322,8,0,0,11,13
3426.8866495133498,8,0,0,12,12
3428.0,8,0,0,12,12
3428.0,8,0,0,11,13
3430.0,8,0,0,11,13
3430.0,8,0,0,10,14
3435.0,8,0,0,10,14
3435.0,8,0,0,9,15
3439.0828172549564,8,0,0,10,14
3451.619437481951,8,0,0,11,13
3457.0,8,0,0,11,13
3457.0,8,0,0,10,14
3462.0,8,0,0,10,14
3462.0,8,0,0,9,15
3465.1147136242193,8,0,0,10,14
3474.0,8,0,0,10,14
3474.0,8,0,0,9,15
3477.0,8,0,0,9,15
3477.0,8,0,0,8,16
3480.0,8,0,0,8,16
3480.0,8,0,0,7,17
3485.016501009574,8,0,0,8,16
3487.4864954921386,8,0,0,9,15
3489.1963041384474,8,0,0,10,14
3500.0,8,0,0,10,14
3500.0,6,2,0,10,14
3500.0,6,2,0,9,15
3504.0,6,2,0,9,15
3504.0,6,2,0,7,17
3529.689191998822,6,2,0,8,16
3532.0,6,2,0,8,16
3532.0,6,2,0,7,17
3533.7293204505404,6,2,0,8,16
3548.0,6,2,0,8,16
3548.0,6,2,0,7,17
3548.347803517072,6,2,0,8,16
3552.0,6,2,0,8,16
3552.0,6,2,0,7,17
3553.2682374747205,6,2,0,8,16
3559.584732080175,6,2,0,9,15
3567.03292094985,6,2,0,10,14
3569.0,6,2,0,10,14
3569.0,6,2,0,9,15
3586.0,6,2,0,9,15
3586.0,6,2,0,8,16
3588.0,6,2,0,8,16
3588.0,6,2,0,7,17
3590.505409456248,6,2,0,8,16
3599.0,6,2,0,8,16
3599.0,6,2,0,7,17
3599.706193406778,6,2,0,8,16
3611.4680570707897,6,2,0,9,15
3613.279098588923,6,2,0,10,14
3617.0,6,2,0,10,14
3617.0,6,2,0,9,15
3623.6186878852363,6,2,0,10,14
3632.0,6,2,0,10,14
3632.0,6,2,0,9,15
3632.2622927182674,6,2,0,10,14
3634.240919721199,6,2,0,11,13
3642.0,6,2,0,11,13
3642.0,6,2,0,10,14
3652.152217222339,6,2,0,11,13
3654.0,6,2,0,11,13
3654.0,6,2,0,10,14
3666.2108202667455,6,2,0,11,13
3674.0,6,2,0,11,13
3674.0,6,2,0,10,14
3675.0,6,2,0,10,14
3675.0,6,2,0,9,15
3676.9396341797055,6,2,0,10,14
3691.0,6,2,0,10,14
3691.0,6,2,0,9,15
3697.323301126351,6,2,0,10,14
3702.0,6,2,0,10,14
3702.0,6,2,0,9,15
3703.0243519486316,6,2,0,10,14
3704.497473196828,6,2,0,11,13
3707.0,6,2,0,11,13
3707.0,6,2,0,10,14
3715.0,6,2,0,10,14
3715.0,6,2,0,9,15
3718.0,6,2,0,9,15
3718.0,6,2,0,8,16
3723.0,6,2,0,8,16
3723.0,6,2,0,7,17
3727.0,6,2,0,7,17
3727.0,6,2,0,6,18
3729.8036254088456,6,2,0,7,17
3729.9382182010368,6,2,0,8,16
3732.1851203077777,6,2,0,9,15
3736.0,6,2,0,9,15
3736.0,6,2,0,8,16
3737.0,6,2,0,8,16
3737.0,6,2,0,7,17
3747.0,6,2,0,7,17
3747.0,6,2,0,6,18
3754.0,6,2,0,6,18
3754.0,6,2,0,5,19
3763.0,6,2,0,5,19
3763.0,6,2,0,3,21
3772.0,6,2,0,3,21
3772.0,6,2,0,2,22
3778.0,6,2,0,2,22
3778.0,6,2,0,1,23
3778.106714767624,6,2,0,2,22
3778.740018722157,6,2,0,3,21
3782.006707819903,6,2,0,4,20
3785.0,6,2,0,4,20
3785.0,6,2,0,3,21
3786.0,6,2,0,3,21
3786.0,6,2,0,2,22
3786.3682378697777,6,2,0,3,21
3789.0,6,2,0,3,21
3789.0,6,2,0,2,22
3800.0,6,0,0,4,22
3804.0,6,0,0,4,22
3804.0,6,0,0,3,23
3805.8816243599385,6,0,0,4,22
3813.0,6,0,0,4,22
3813.0,6,0,0,3,23
3826.2602957220124,6,0,0,4,22
3828.0,6,0,0,4,22
3828.0,6,0,0,3,23
3829.0850894792875,6,0,0,4,22
3829.752325069373,6,0,0,5,21
3835.0,6,0,0,5,21
3835.0,6,0,0,4,22
3839.1140355928396,6,0,0,5,21
3839.8849732750123,6,0,0,6,20
3847.188326991119,6,0,0,7,19
3851.6594698159593,6,0,0,8,18
3855.715864052077,6,0,0,9,17
3862.5354956687984,6,0,0,10,16
3870.0,6,0,0,10,16
3870.0,6,0,0,9,17
3873.0,6,0,0,9,17
3873.0,6,0,0,8,18
3873.1267871434948,6,0,0,9,17
3874.0564880534503,6,0,0,10,16
3877.7432866766444,6,0,0,11,15
3880.0,6,0,0,11,15
3880.0,6,0,0,10,16
3881.0,6,0,0,10,16
3881.0,6,0,0,9,17
3883.0,6,0,0,9,17
3883.0,6,0,0,8,18
3883.247441692385,6,0,0,9,17
3892.0,6,0,0,9,17
3892.0,6,0,0,8,18
3892.682934183719,6,0,0,9,17
3894.0,6,0,0,9,17
3894.0,6,0,0,8,18
3898.0,6,0,0,8,18
3898.0,6,0,0,6,20
3905.040686722633,6,0,0,7,19
3919.305891289374,6,0,0,8,18
3920.0,6,0,0,8,18
3920.0,6,0,0,7,19
3922.3864550841604,6,0,0,8,18
3926.0,6,0,0,8,18
3926.0,6,0,0,7,19
3932.0,6,0,0,7,19
3932.0,6,0,0,6,20
3943.810480957651,6,0,0,7,19
3945.0,6,0,0,7,19
3945.0,6,0,0,6,20
3958.0,6,0,0,6,20
3958.0,6,0,0,5,21
3960.7009940488924,6,0,0,6,20
3962.0,6,0,0,6,20
3962.0,6,0,0,5,21
3962.0867554941105,6,0,0,6,20
3973.476221352894,6,0,0,7,19
3976.0,6,0,0,7,19
3976.0,6,0,0,6,20
3979.3233531873257,6,0,0,7,19
3985.1115603396916,6,0,0,8,18
3996.0332803045426,6,0,0,9,17
3999.0,6,0,0,9,17
3999.0,6,0,0,8,18
4000.0,6,0,0,8,18
4000.0,6,0,8,0,18
4000.8194815589054,6,0,8,1,17
4001.0,6,0,8,1,17
4001.0,6,0,8,0,18
4003.1374196952397,6,0,8,1,17
4003.1374196952397,6,0,8,0,18
4007.0,6,0,8,0,18
4016.822566284192,6,0,8,1,17
4016.822566284192,6,0,8,0,18
4026.6962959166444,6,0,8,1,17
4026.6962959166444,6,0,8,0,18
4029.0,6,0,8,0,18
4039.8064274810545,6,0,8,1,17
4039.8064274810545,6,0,8,0,18
4047.2322385365974,6,0,8,1,17
4051.3993400803142,6,0,8,2,16
4058.0,6,0,8,2,16
4058.0,6,0,8,1,17
4061.004531761057,6,0,8,2,16
4063.0,6,0,8,2,16
4063.0,6,0,8,1,17
4067.067425667347,6,0,8,2,16
4073.0,6,0,8,2,16
4073.0,6,0,8,1,17
4077.0,6,0,8,1,17
4077.0,6,0,8,0,18
4077.187961351621,6,0,8,1,17
4077.187961351621,6,0,8,0,18
4077.5638171094656,6,0,8,1,17
4079.3498189787847,6,0,8,2,16
4101.0,6,0,8,2,16
4101.0,6,0,8,1,17
4101.447372946495,6,0,8,2,16
4104.406987487756,6,0,8,3,15
4106.752378644449,6,0,8,4,14
4111.261233001571,6,0,8,5,13
4112.0,6,0,8,5,13
4112.0,6,0,8,4,14
4118.509455467007,6,0,8,5,13
4128.953083263433,6,0,8,6,12
4133.716311734112,6,0,8,7,11
4135.0,6,0,8,7,11
4135.0,6,0,8,6,12
4143.0,6,0,8,6,12
4143.0,6,0,8,5,13
4145.0,6,0,8,5,13
4145.0,6,0,8,4,14
4149.700900380191,6,0,8,5,13
4153.229179959553,6,0,8,6,12
4161.0,6,0,8,6,12
4161.0,6,0,8,5,13
4167.0625398828915,6,0,8,6,12
4183.115622979657,6,0,8,7,11
4189.0,6,0,8,7,11
4189.0,6,0,8,5,13
4200.0,6,0,8,5,13
4200.0,6,0,8,4,14
4207.0,6,0,8,4,14
4207.0,6,0,8,3,15
4212.717901853244,6,0,8,4,14
4226.0,6,0,8,4,14
4226.0,6,0,8,3,15
4230.0,6,0,8,3,15
4230.0,6,0,8,2,16
4232.291519295766,6,0,8,3,15
4233.4169961361185,6,0,8,4,14
4243.626504801035,6,0,8,5,13
4247.883444294185,6,0,8,6,12
4278.0,6,0,8,6,12
4278.0,6,0,8,5,13
4280.861905678384,6,0,8,6,12
4294.016501009574,6,0,8,7,11
4296.0,6,0,8,7,11
4296.0,6,0,8,6,12
4299.984538522729,6,0,8,7,11
4300.0,14,0,0,7,11
4304.0,14,0,0,7,11
4304.0,14,0,0,6,12
4304.308192716521,14,0,0,7,11
4313.0,14,0,0,7,11
4313.0,14,0,0,6,12
4314.0,14,0,0,6,12
4314.0,14,0,0,5,13
4315.0,14,0,0,5,13
4315.0,14,0,0,4,14
4315.633119405227,14,0,0,5,13
4317.0,14,0,0,5,13
4317.0,14,0,0,4,14
4331.370184660837,14,0,0,5,13
4339.819890421633,14,0,0,6,12
4340.898073164656,14,0,0,7,11
4344.0,14,0,0,7,11
4344.0,14,0,0,6,12
4344.552673906798,14,0,0,7,11
4353.0,14,0,0,7,11
4353.0,14,0,0,6,12
4357.0,14,0,0,6,12
4357.0,14,0,0,5,13
4359.328330421578,14,0,0,6,12
4362.0,14,0,0,6,12
4362.0,14,0,0,5,13
4402.0,14,0,0,5,13
4402.0,14,0,0,4,14
4419.471362091594,14,0,0,5,13
4424.9860768416265,14,0,0,6,12
4426.172111033107,14,0,0,7,11
4431.0,14,0,0,7,11
4431.0,14,0,0,6,12
4439.0,14,0,0,6,12
4439.0,14,0,0,5,13
4441.0,14,0,0,5,13
4441.0,14,0,0,4,14
4447.0,14,0,0,4,14
4447.0,14,0,0,3,15
4454.0121172519985,14,0,0,4,14
4456.0,14,0,0,4,14
4456.0,14,0,0,3,15
4457.0,14,0,0,3,15
4457.0,14,0,0,2,16
4463.0,14,0,0,2,16
4463.0,14,0,0,1,17
4472.104984937163,14,0,0,2,16
4473.166105053636,14,0,0,3,15
4476.0,14,0,0,3,15
4476.0,14,0,0,2,16
4484.0,14,0,0,2,16
4484.0,14,0,0,0,18
4484.141320910726,14,0,0,1,17
4485.497473196828,14,0,0,2,16
4500.0,14,0,0,2,16
4500.0,14,0,2,0,16
4504.641496085521,14,0,2,1,15
4505.96644850799,14,0,2,2,14
4513.0,14,0,2,2,14
4513.0,14,0,2,1,15
4527.0,14,0,2,1,15
4527.0,14,0,2,0,16
4531.905770769918,14,0,2,1,15
4532.5833966787395,14,0,2,2,14
4537.0,14,0,2,2,14
4537.0,14,0,2,1,15
4539.586386375648,14,0,2,2,14
4540.0,14,0,2,2,14
4540.0,14,0,2,1,15
4547.510337991511,14,0,2,2,14
4549.242649461257,14,0,2,3,13
4551.635084598288,14,0,2,4,12
4556.554901835316,14,0,2,5,11
4557.0,14,0,2,5,11
4557.0,14,0,2,4,12
4558.0,14,0,2,4,12
4558.0,14,0,2,3,13
4562.0,14,0,2,3,13
4562.0,14,0,2,2,14
4570.590823852332,14,0,2,3,13
4572.0,14,0,2,3,13
4572.0,14,0,2,2,14
4573.433439726938,14,0,2,3,13
4577.0,14,0,2,3,13
4577.0,14,0,2,2,14
4598.393693241138,14,0,2,3,13
4598.887824773812,14,0,2,4,12
4600.0,14,0,2,4,12
4600.0,14,0,2,3,13
4602.7744456566315,14,0,2,4,12
4613.0,14,0,2,4,12
4613.0,14,0,2,3,13
4614.0,14,0,2,3,13
4614.0,14,0,2,1,15
4616.316823869011,14,0,2,2,14
4657.265257520988,14,0,2,3,13
4663.0,14,0,2,3,13
4663.0,14,0,2,2,14
4669.0,14,0,2,2,14
4669.0,14,0,2,1,15
4669.717620127494,14,0,2,2,14
4671.0,14,0,2,2,14
4671.0,14,0,2,1,15
4677.0,14,0,2,1,15
4677.0,14,0,2,0,16
4679.591252497351,14,0,2,1,15
4680.0,14,0,2,1,15
4680.0,14,0,2,0,16
4680.820940925907,14,0,2,1,15
4682.806646582883,14,0,2,2,14
4683.0,14,0,2,2,14
4683.0,14,0,2,1,15
4700.0,14,0,2,1,15
4700.0,14,0,2,0,16
4715.010608881912,14,0,2,1,15
4718.207000051919,14,0,2,2,14
4718.229222338357,14,0,2,3,13
4721.0,14,0,2,3,13
4721.0,14,0,2,2,14
4743.875216521041,14,0,2,3,13
4749.0,14,0,2,3,13
4749.0,14,0,2,2,14
4751.0,14,0,2,2,14
4751.0,14,0,2,1,15
4756.004842033117,14,0,2,2,14
4756.1616962707585,14,0,2,3,13
4760.0,14,0,2,3,13
4760.0,14,0,2,2,14
4763.0,14,0,2,2,14
4763.0,14,0,2,1,15
4767.0,14,0,2,1,15
4767.0,14,0,2,0,16
4768.0,14,0,2,0,16
4773.0,14,0,2,0,16
4773.4085658806625,14,0,2,1,15
4773.4085658806625,14,0,2,0,16
4775.343978006384,14,0,2,1,15
4775.343978006384,14,0,2,0,16
4777.042027498588,14,0,2,1,15
4785.0,14,0,2,1,15
4785.0,14,0,2,0,16
4785.426640170039,14,0,2,1,15
4788.852946234318,14,0,2,2,14
4800.0,16,0,0,2,14
4810.0,16,0,0,2,14
4810.0,16,0,0,1,15
4817.527251449442,16,0,0,2,14
4818.961840211466,16,0,0,3,13
4829.0,16,0,0,3,13
4829.0,16,0,0,2,14
4852.463445762257,16,0,0,3,13
4867.411780558044,16,0,0,4,12
4868.0,16,0,0,4,12
4868.0,16,0,0,2,14
4870.898127265493,16,0,0,3,13
4877.832980869733,16,0,0,4,12
4889.0,16,0,0,4,12
4889.0,16,0,0,3,13
4890.0,16,0,0,3,13
4890.0,16,0,0,2,14
4892.606651848295,16,0,0,3,13
4900.341931360292,16,0,0,4,12
4905.77680375044,16,0,0,5,11
4907.432213053015,16,0,0,6,10
4908.063035141806,16,0,0,7,9
4914.0,16,0,0,7,9
4914.0,16,0,0,6,10
4915.152931601187,16,0,0,7,9
4924.2923660400875,16,0,0,8,8
4930.0,16,0,0,8,8
4930.0,16,0,0,7,9
4955.0,16,0,0,7,9
4955.0,16,0,0,6,10
4955.74749576326,16,0,0,7,9
4960.913490014934,16,0,0,8,8
4981.0,16,0,0,8,8
4981.0,16,0,0,7,9
4982.0,16,0,0,7,9
4982.0,16,0,0,6,10
4985.373161052084,16,0,0,7,9
4994.0,16,0,0,7,9
4994.0,16,0,0,6,10
4999.363949500923,16,0,0,7,9
5000.0,16,0,0,7,9
5000.0,16,0,7,0,9
5003.0,16,0,7,0,9
5004.0,16,0,7,0,9
5017.0,16,0,7,0,9
5019.092402264071,16,0,7,1,8
5019.092402264071,16,0,7,0,9
5025.0,16,0,7,0,9
5029.227384506286,16,0,7,1,8
5029.227384506286,16,0,7,0,9
5031.307237728437,16,0,7,1,8
5031.307237728437,16,0,7,0,9
5037.0,16,0,7,0,9
5039.0,16,0,7,0,9
5068.329856649952,16,0,7,1,8
5068.329856649952,16,0,7,0,9
5081.224214983497,16,0,7,1,8
5081.224214983497,16,0,7,0,9
5084.564082060794,16,0,7,1,8
5084.564082060794,16,0,7,0,9
5097.29104260371,16,0,7,1,8
5097.29104260371,16,0,7,0,9
5110.427639949553,16,0,7,1,8
5135.660914756255,16,0,7,2,7
5163.108006111201,16,0,7,3,6
5221.0675635390835,16,0,7,4,5
5228.189959308068,16,0,7,5,4
5258.759086464352,16,0,7,6,3
5273.052517744316,16,0,7,7,2
5274.601693936108,16,0,7,8,1
5291.692246182383,16,0,7,9,0
