dvfs_mode,state,submission_time,start_time,finish_time,nodes,job_id,terminated
base,active,,0.0,1.0,0,-1.0,
base,active,,0.0,22.0,1,-1.0,
base,active,,0.0,23.0,2,-1.0,
base,active,,0.0,31.0,3,-1.0,
base,active,,0.0,34.0,4,-1.0,
base,active,,0.0,36.0,5,-1.0,
base,active,,0.0,60.0,6,-1.0,
base,active,,0.0,98.0,7,-1.0,
base,active,,0.0,100.0,8 9 10 11 12 13 14 15 16 17 18 19 20 21 22 23 24 25 26 27 28 29 30 31,-1.0,
base,active,1.0,1.0,147.87229036307647,0,1.0,False
base,active,22.0,22.0,100.0161000822567,1,2.0,False
base,active,23.0,23.0,81.84434512613464,2,3.0,False
base,active,31.0,31.0,253.07101982132613,3,4.0,False
base,active,34.0,34.0,210.78884857764726,4,5.0,False
base,active,36.0,36.0,223.69411978974617,5,6.0,False
base,active,60.0,60.0,110.40534569393543,6,7.0,False
base,active,,81.84434512613464,83.0,2,-1.0,
base,active,83.0,83.0,240.5217854145758,2,8.0,False
base,active,98.0,98.0,252.54790558627502,7,9.0,False
base,switching_off,,100.0,400.0,8 9 10 11 12 13 14 15 16 17 18 19 20 21 22 23 24 25 26 27 28 29 30 31,-2.0,
base,active,,100.0161000822567,104.0,1,-1.0,
base,active,104.0,104.0,215.32634506119774,1,10.0,False
base,active,106.0,110.40534569393543,260.72128731692146,6,11.0,False
base,active,111.0,147.87229036307647,306.6239571525782,0,12.0,False
base,active,127.0,210.78884857764726,330.88996853528806,4,13.0,False
base,active,133.0,215.32634506119774,360.8395204955192,1,14.0,False
base,active,152.0,223.69411978974617,393.1550965142027,5,15.0,False
base,active,175.0,240.5217854145758,376.31642801334806,2,16.0,False
base,active,182.0,252.54790558627502,347.04853575367883,7,17.0,False
base,active,204.0,253.07101982132613,482.70190414720804,3,18.0,False
base,active,220.0,260.72128731692146,330.92873310490296,6,19.0,False
base,active,224.0,306.6239571525782,403.8188551869671,0,20.0,False
base,active,233.0,330.88996853528806,513.4436708709021,4,21.0,False
base,active,235.0,330.92873310490296,411.0372289399075,6,22.0,False
base,active,238.0,347.04853575367883,481.90881005507805,7,23.0,False
base,active,241.0,360.8395204955192,523.0078184193112,1,24.0,False
base,active,241.0,376.31642801334806,523.8799396373472,2,25.0,False
base,active,241.0,393.1550965142027,555.1083084470694,5,26.0,False
base,sleeping,,400.0,419.0,8,-4.0,
base,sleeping,,400.0,426.0,13,-4.0,
base,sleeping,,400.0,437.0,27,-4.0,
base,sleeping,,400.0,443.0,23,-4.0,
base,sleeping,,400.0,446.0,18,-4.0,
base,sleeping,,400.0,454.0,14,-4.0,
base,sleeping,,400.0,464.0,17,-4.0,
base,sleeping,,400.0,469.0,16,-4.0,
base,sleeping,,400.0,470.0,26,-4.0,
base,sleeping,,400.0,480.0,10,-4.0,
base,sleeping,,400.0,552.0,12 30,-4.0,
base,switching_on,,400.0,700.0,9 11 15 19 20 21 22 24 25 28 29 31,-3.0,
base,active,255.0,403.8188551869671,598.2086512557448,0,27.0,False
base,active,308.0,411.0372289399075,530.7499249630041,6,28.0,False
base,switching_on,,419.0,719.0,8,-3.0,
base,switching_on,,426.0,726.0,13,-3.0,
base,switching_on,,437.0,737.0,27,-3.0,
base,switching_on,,443.0,743.0,23,-3.0,
base,switching_on,,446.0,746.0,18,-3.0,
base,switching_on,,454.0,754.0,14,-3.0,
base,switching_on,,464.0,764.0,17,-3.0,
base,switching_on,,469.0,769.0,16,-3.0,
base,switching_on,,470.0,770.0,26,-3.0,
base,switching_on,,480.0,780.0,10,-3.0,
base,active,315.0,481.90881005507805,611.8471765352583,7,29.0,False
base,active,319.0,482.70190414720804,682.0933304548669,3,30.0,False
base,active,319.0,513.4436708709021,627.7799370705761,4,31.0,False
base,active,320.0,523.0078184193112,672.9039208245459,1,32.0,False
base,active,329.0,523.8799396373472,611.6938085178866,2,33.0,False
base,active,332.0,530.7499249630041,645.0620482331791,6,34.0,False
base,switching_on,,552.0,852.0,12 30,-3.0,
base,active,333.0,555.1083084470694,734.2221256178557,5,35.0,False
base,active,334.0,598.2086512557448,734.2815085038892,0,36.0,False
base,active,336.0,611.6938085178866,768.3102963151373,2,37.0,False
base,active,344.0,611.8471765352583,749.660595529389,7,38.0,False
base,active,351.0,627.7799370705761,728.6648778349944,4,39.0,False
base,active,353.0,645.0620482331791,733.2714031975661,6,40.0,False
base,active,364.0,672.9039208245459,772.8346557613692,1,41.0,False
base,active,376.0,682.0933304548669,849.3553326181636,3,42.0,False
base,active,446.0,700.0,798.5367647985736,29,53.0,False
base,active,443.0,700.0,825.5940581613842,28,52.0,False
base,active,390.0,700.0,838.8812442149205,15,45.0,False
base,active,454.0,700.0,843.774278329751,31,54.0,False
base,active,390.0,700.0,851.7879381932671,11,44.0,False
base,active,419.0,700.0,855.2432841291602,22,49.0,False
base,active,426.0,700.0,866.138516204248,24,50.0,False
base,active,437.0,700.0,867.0442654806752,25,51.0,False
base,active,394.0,700.0,875.1391320361093,19,46.0,False
base,active,409.0,700.0,875.5793269692574,20,47.0,False
base,active,416.0,700.0,911.417374644121,21,48.0,False
base,active,384.0,700.0,978.9541431615994,9,43.0,False
base,active,464.0,719.0,880.798551954129,8,55.0,False
base,active,469.0,726.0,812.7234287820263,13,56.0,False
base,active,470.0,728.6648778349944,808.4120214868678,4,57.0,False
base,active,480.0,733.2714031975661,802.5787535267273,6,58.0,False
base,active,497.0,734.2221256178557,848.9836731464434,5,59.0,False
base,active,499.0,734.2815085038892,958.9097172944768,0,60.0,False
base,active,515.0,737.0,905.156701245996,27,61.0,False
base,active,527.0,743.0,800.1400719529013,23,62.0,False
base,active,530.0,746.0,829.4602139468341,18,63.0,False
base,active,551.0,749.660595529389,932.7555664787338,7,64.0,False
base,active,552.0,754.0,876.932640025382,14,65.0,False
base,active,552.0,764.0,966.1237829832223,17,66.0,False
base,active,560.0,768.3102963151373,919.494998408437,2,67.0,False
base,active,577.0,769.0,889.5677451648102,16,68.0,False
base,active,579.0,770.0,895.4773168478794,26,69.0,False
base,active,581.0,772.8346557613692,878.0249030632883,1,70.0,False
base,active,598.0,780.0,927.6816763680772,10,71.0,False
base,active,601.0,798.5367647985736,974.3572666940677,29,72.0,False
base,active,603.0,800.1400719529013,917.2303833317974,23,73.0,False
base,active,622.0,802.5787535267273,852.9840992206626,6,74.0,False
base,active,627.0,808.4120214868678,973.6711625485816,4,75.0,False
base,active,636.0,812.7234287820263,940.9232800250217,13,76.0,False
base,active,641.0,825.5940581613842,989.6583683722014,28,77.0,False
base,active,650.0,829.4602139468341,962.9965562617687,18,78.0,False
base,active,663.0,838.8812442149205,1006.8984137896144,15,79.0,False
base,active,667.0,843.774278329751,1037.1258940145888,31,80.0,False
base,active,681.0,848.9836731464434,1035.6052551088196,5,81.0,False
base,active,686.0,849.3553326181636,972.2031308171951,3,82.0,False
base,active,693.0,851.7879381932671,983.9570272323024,11,83.0,False
base,active,696.0,852.0,1004.3766834005296,12,84.0,False
base,active,712.0,852.0,1014.2436128921444,30,85.0,False
base,active,722.0,852.9840992206626,1006.0003272201095,6,86.0,False
base,active,730.0,855.2432841291602,1003.833284652785,22,87.0,False
base,active,748.0,866.138516204248,1072.5530363367986,24,88.0,False
base,active,751.0,867.0442654806752,1098.0860092948558,25,89.0,False
base,active,754.0,875.1391320361093,1013.0611985145455,19,90.0,False
base,active,764.0,875.5793269692574,1045.494804681442,20,91.0,False
base,active,764.0,876.932640025382,1014.5438042328993,14,92.0,False
base,active,767.0,878.0249030632883,999.870272854678,1,93.0,False
base,active,772.0,880.798551954129,1022.372284913992,8,94.0,False
base,active,794.0,889.5677451648102,1056.576399578288,16,95.0,False
base,active,813.0,895.4773168478794,1078.7987868525825,26,96.0,False
base,active,815.0,905.156701245996,1106.1932044116002,27,97.0,False
base,active,815.0,911.417374644121,1093.3835727209016,21,98.0,False
base,active,832.0,917.2303833317974,991.2314601232597,23,99.0,False
base,active,839.0,919.494998408437,1069.7744028844118,2,100.0,False
base,active,848.0,927.6816763680772,1016.113817905848,10,101.0,False
base,active,855.0,932.7555664787338,1067.615840780133,7,102.0,False
base,active,857.0,940.9232800250217,1109.6569077639642,13,103.0,False
base,active,890.0,958.9097172944768,1150.0596834287749,0,104.0,False
base,active,912.0,962.9965562617687,1155.8823840500077,18,105.0,False
base,active,914.0,966.1237829832223,1111.5431562607444,17,106.0,False
base,active,925.0,972.2031308171951,1077.0962508179066,3,107.0,False
base,active,926.0,973.6711625485816,1191.7747963916572,4,108.0,False
base,active,949.0,974.3572666940677,1233.2577859687513,29,109.0,False
base,active,955.0,978.9541431615994,1171.096830982452,9,110.0,False
base,active,961.0,983.9570272323024,1173.9500927259157,11,111.0,False
base,active,973.0,989.6583683722014,1133.3560745568482,28,112.0,False
base,active,980.0,991.2314601232597,1147.664116125465,23,113.0,False
base,active,981.0,999.870272854678,1143.630277500634,1,114.0,False
base,active,992.0,1003.833284652785,1135.7900761625713,22,115.0,False
base,active,994.0,1004.3766834005296,1178.7731187375518,12,116.0,False
base,active,,1006.0003272201095,1027.0,6,-1.0,
base,active,,1006.8984137896144,1063.0,15,-1.0,
base,active,,1013.0611985145455,1113.0611985145456,19,-1.0,
base,active,,1014.2436128921444,1114.2436128921445,30,-1.0,
base,active,,1014.5438042328993,1050.0,14,-1.0,
base,active,,1016.113817905848,1040.0,10,-1.0,
base,active,,1022.372284913992,1029.0,8,-1.0,
base,active,1027.0,1027.0,1154.813555152479,6,117.0,False
base,active,1029.0,1029.0,1175.3891660537358,8,118.0,False
base,active,,1035.6052551088196,1036.0,5,-1.0,
base,active,1036.0,1036.0,1164.7045392843975,5,119.0,False
base,active,,1037.1258940145888,1137.1258940145888,31,-1.0,
base,active,1040.0,1040.0,1157.6147482452352,10,120.0,False
base,active,,1045.494804681442,1145.494804681442,20,-1.0,
base,active,1050.0,1050.0,1172.9326400253822,14,121.0,False
base,active,,1056.576399578288,1107.0,16,-1.0,
base,active,1063.0,1063.0,1264.0378849824374,15,122.0,False
base,active,,1067.615840780133,1075.0,7,-1.0,
base,active,,1069.7744028844118,1074.0,2,-1.0,
base,active,,1072.5530363367986,1172.5530363367986,24,-1.0,
base,active,1074.0,1074.0,1192.5939878695945,2,123.0,False
base,active,1075.0,1075.0,1193.1257877092548,7,124.0,False
base,active,,1077.0962508179066,1080.0,3,-1.0,
base,active,,1078.7987868525825,1178.7987868525825,26,-1.0,
base,active,1080.0,1080.0,1217.0225441450737,3,125.0,False
base,active,,1093.3835727209016,1193.3835727209016,21,-1.0,
base,active,,1098.0860092948558,1198.0860092948558,25,-1.0,
base,active,,1106.1932044116002,1206.1932044116002,27,-1.0,
base,active,1107.0,1107.0,1233.8194060252076,16,126.0,False
base,active,,1109.6569077639642,1131.0,13,-1.0,
base,active,,1111.5431562607444,1211.5431562607444,17,-1.0,
base,switching_off,,1113.0611985145456,1413.0611985145456,19,-2.0,
base,switching_off,,1114.2436128921445,1414.2436128921445,30,-2.0,
base,active,1131.0,1131.0,1230.9204722923346,13,127.0,False
base,active,,1133.3560745568482,1233.3560745568482,28,-1.0,
base,active,,1135.7900761625713,1235.7900761625713,22,-1.0,
base,switching_off,,1137.1258940145888,1437.1258940145888,31,-2.0,
base,active,,1143.630277500634,1155.0,1,-1.0,
base,switching_off,,1145.494804681442,1445.494804681442,20,-2.0,
base,active,,1147.664116125465,1247.664116125465,23,-1.0,
base,active,,1150.0596834287749,1153.0,0,-1.0,
base,active,1153.0,1153.0,1295.5525171171037,0,128.0,False
base,active,,1154.813555152479,1157.0,6,-1.0,
base,active,1155.0,1155.0,1247.0414663891793,1,129.0,False
base,active,,1155.8823840500077,1255.8823840500077,18,-1.0,
base,active,1157.0,1157.0,1234.4082094585438,6,130.0,False
base,active,,1157.6147482452352,1244.0,10,-1.0,
base,active,,1164.7045392843975,1171.0,5,-1.0,
base,active,1171.0,1171.0,1309.3573797307272,5,131.0,False
base,active,,1171.096830982452,1239.0,9,-1.0,
base,switching_off,,1172.5530363367986,1472.5530363367986,24,-2.0,
base,active,,1172.9326400253822,1272.9326400253822,14,-1.0,
base,active,,1173.9500927259157,1246.0,11,-1.0,
base,active,,1175.3891660537358,1232.0,8,-1.0,
base,active,,1178.7731187375518,1254.0,12,-1.0,
base,switching_off,,1178.7987868525825,1478.7987868525825,26,-2.0,
base,active,,1191.7747963916572,1207.0,4,-1.0,
base,active,,1192.5939878695945,1198.0,2,-1.0,
base,active,,1193.1257877092548,1227.0,7,-1.0,
base,switching_off,,1193.3835727209016,1493.3835727209016,21,-2.0,
base,active,1198.0,1198.0,1305.7304164616926,2,132.0,False
base,switching_off,,1198.0860092948558,1498.0860092948558,25,-2.0,
base,switching_off,,1206.1932044116002,1506.1932044116002,27,-2.0,
base,active,1207.0,1207.0,1363.6118604247636,4,133.0,False
base,switching_off,,1211.5431562607444,1511.5431562607444,17,-2.0,
base,active,,1217.0225441450737,1219.0,3,-1.0,
base,active,1219.0,1219.0,1410.8315618031029,3,134.0,False
base,active,1227.0,1227.0,1277.2034597764332,7,135.0,False
base,active,,1230.9204722923346,1256.0,13,-1.0,
base,active,1232.0,1232.0,1406.3186779981986,8,136.0,False
base,active,,1233.2577859687513,1333.2577859687513,29,-1.0,
base,switching_off,,1233.3560745568482,1533.3560745568482,28,-2.0,
base,active,,1233.8194060252076,1333.8194060252076,16,-1.0,
base,active,,1234.4082094585438,1239.0,6,-1.0,
base,switching_off,,1235.7900761625713,1535.7900761625713,22,-2.0,
base,active,1239.0,1239.0,1368.6137460701198,6,137.0,False
base,active,1239.0,1239.0,1380.2133006876147,9,138.0,False
base,active,1244.0,1244.0,1387.2600692911888,10,139.0,False
base,active,1246.0,1246.0,1399.853080209502,11,140.0,False
base,active,,1247.0414663891793,1249.0,1,-1.0,
base,switching_off,,1247.664116125465,1547.664116125465,23,-2.0,
base,active,1249.0,1249.0,1339.2882956008139,1,141.0,False
base,active,1254.0,1254.0,1389.6416719287952,12,142.0,False
base,switching_off,,1255.8823840500077,1555.8823840500077,18,-2.0,
base,active,1256.0,1256.0,1417.1924600187663,13,143.0,False
base,active,,1264.0378849824374,1360.0,15,-1.0,
base,switching_off,,1272.9326400253822,1572.9326400253822,14,-2.0,
base,active,,1277.2034597764332,1334.0,7,-1.0,
base,active,,1295.5525171171037,1313.0,0,-1.0,
base,active,,1305.7304164616926,1314.0,2,-1.0,
base,active,,1309.3573797307272,1330.0,5,-1.0,
base,active,1313.0,1313.0,1406.955068099909,0,144.0,False
base,active,1314.0,1314.0,1412.6774402884412,2,145.0,False
base,active,1330.0,1330.0,1575.611162467725,5,146.0,False
base,switching_off,,1333.2577859687513,1633.2577859687513,29,-2.0,
base,switching_off,,1333.8194060252076,1633.8194060252076,16,-2.0,
base,active,1334.0,1334.0,1496.4229581002253,7,147.0,False
base,active,,1339.2882956008139,1341.0,1,-1.0,
base,active,1341.0,1341.0,1473.3643945215815,1,148.0,False
base,active,1360.0,1360.0,1422.1566407675168,15,149.0,False
base,active,,1363.6118604247636,1364.0,4,-1.0,
base,active,1364.0,1364.0,1549.4361292145975,4,150.0,False
base,active,1366.0,1368.6137460701198,1554.0334105870966,6,151.0,False
base,active,1373.0,1380.2133006876147,1516.7966570903895,9,152.0,False
base,active,,1387.2600692911888,1464.0,10,-1.0,
base,active,,1389.6416719287952,1489.6416719287952,12,-1.0,
base,active,,1399.853080209502,1479.0,11,-1.0,
base,active,,1406.3186779981986,1450.0,8,-1.0,
base,active,,1406.955068099909,1409.0,0,-1.0,
base,active,1409.0,1409.0,1537.5132540676918,0,153.0,False
base,active,,1410.8315618031029,1447.0,3,-1.0,
base,active,,1412.6774402884412,1447.0,2,-1.0,
base,sleeping,,1413.0611985145456,3726.0,19,-4.0,
base,sleeping,,1414.2436128921445,4952.10691322391,30,-4.0,
base,active,,1417.1924600187663,1492.0,13,-1.0,
base,active,,1422.1566407675168,1495.0,15,-1.0,
base,sleeping,,1437.1258940145888,4952.10691322391,31,-4.0,
base,sleeping,,1445.494804681442,3415.0,20,-4.0,
base,active,1447.0,1447.0,1585.5105354507477,2,154.0,False
base,active,1447.0,1447.0,1587.8024763973515,3,155.0,False
base,active,1450.0,1450.0,1552.0871815901053,8,156.0,False
base,active,1464.0,1464.0,1544.4732487993715,10,157.0,False
base,sleeping,,1472.5530363367986,4952.10691322391,24,-4.0,
base,active,,1473.3643945215815,1474.0,1,-1.0,
base,active,1474.0,1474.0,1571.300978754275,1,158.0,False
base,sleeping,,1478.7987868525825,4952.10691322391,26,-4.0,
base,active,1479.0,1479.0,1665.8953524692608,11,159.0,False
base,switching_off,,1489.6416719287952,1789.6416719287952,12,-2.0,
base,active,1492.0,1492.0,1659.7909817739205,13,160.0,False
base,sleeping,,1493.3835727209016,4952.10691322391,21,-4.0,
base,active,1495.0,1495.0,1615.4284914870639,15,161.0,False
base,active,1495.0,1496.4229581002253,1665.7365871501572,7,162.0,False
base,sleeping,,1498.0860092948558,4952.10691322391,25,-4.0,
base,sleeping,,1506.1932044116002,4952.10691322391,27,-4.0,
base,sleeping,,1511.5431562607444,4952.10691322391,17,-4.0,
base,active,1498.0,1516.7966570903895,1682.3171652734131,9,163.0,False
base,sleeping,,1533.3560745568482,3599.0,28,-4.0,
base,sleeping,,1535.7900761625713,3720.0,22,-4.0,
base,active,1507.0,1537.5132540676918,1651.987245085972,0,164.0,False
base,active,1526.0,1544.4732487993715,1649.7074972293187,10,165.0,False
base,sleeping,,1547.664116125465,4952.10691322391,23,-4.0,
base,active,1532.0,1549.4361292145975,1715.6560792359724,4,166.0,False
base,active,1539.0,1552.0871815901053,1708.107213831587,8,167.0,False
base,active,1544.0,1554.0334105870966,1671.9459156925527,6,168.0,False
base,sleeping,,1555.8823840500077,4952.10691322391,18,-4.0,
base,active,1552.0,1571.300978754275,1670.3551282969156,1,169.0,False
base,sleeping,,1572.9326400253822,4952.10691322391,14,-4.0,
base,active,1573.0,1575.611162467725,1672.1395669310232,5,170.0,False
base,active,1580.0,1585.5105354507477,1679.6614876525632,2,171.0,False
base,active,,1587.8024763973515,1588.0,3,-1.0,
base,active,1588.0,1588.0,1745.812171532602,3,172.0,False
base,active,1592.0,1615.4284914870639,1806.7544013495767,15,173.0,False
base,sleeping,,1633.2577859687513,4952.10691322391,29,-4.0,
base,sleeping,,1633.8194060252076,4952.10691322391,16,-4.0,
base,active,1601.0,1649.7074972293187,1774.3968167975756,10,174.0,False
base,active,1619.0,1651.987245085972,1728.66322020199,0,175.0,False
base,active,1637.0,1659.7909817739205,1830.409901442907,13,176.0,False
base,active,1645.0,1665.7365871501572,1864.5816631274029,7,177.0,False
base,active,1663.0,1665.8953524692608,1831.106713768055,11,178.0,False
base,active,1663.0,1670.3551282969156,1835.1531824032556,1,179.0,False
base,active,1668.0,1671.9459156925527,1842.9640528684051,6,180.0,False
base,active,1669.0,1672.1395669310232,1850.1808462744395,5,181.0,False
base,active,1670.0,1679.6614876525632,1762.0435708291518,2,182.0,False
base,active,,1682.3171652734131,1686.0,9,-1.0,
base,active,1686.0,1686.0,1806.3785514058354,9,183.0,False
base,active,,1708.107213831587,1735.0,8,-1.0,
base,active,,1715.6560792359724,1721.0,4,-1.0,
base,active,1721.0,1721.0,1871.847006666797,4,184.0,False
base,active,,1728.66322020199,1735.0,0,-1.0,
base,active,1735.0,1735.0,1895.8354653353545,8,186.0,False
base,active,1735.0,1735.0,1955.3084355446147,0,185.0,False
base,active,,1745.812171532602,1754.0,3,-1.0,
base,active,1754.0,1754.0,1929.7668497309219,3,187.0,False
base,active,,1762.0435708291518,1764.0,2,-1.0,
base,active,1764.0,1764.0,1863.5827379057664,2,188.0,False
base,active,1765.0,1774.3968167975756,1921.1941717502752,10,189.0,False
base,sleeping,,1789.6416719287952,4952.10691322391,12,-4.0,
base,active,1778.0,1806.3785514058354,1941.8044217374002,9,190.0,False
base,active,1789.0,1806.7544013495767,1929.1252878606256,15,191.0,False
base,active,1800.0,1830.409901442907,1957.6671067208804,13,192.0,False
base,active,1803.0,1831.106713768055,2088.2168947893033,11,193.0,False
base,active,1808.0,1835.1531824032556,1921.0585510331562,1,194.0,False
base,active,1812.0,1842.9640528684051,1969.8775125620639,6,195.0,False
base,active,1824.0,1850.1808462744395,1955.2895533566975,5,196.0,False
base,active,1863.0,1863.5827379057664,2014.7674399990663,2,197.0,False
base,active,,1864.5816631274029,1870.0,7,-1.0,
base,active,1870.0,1870.0,2032.4229581002253,7,198.0,False
base,active,,1871.847006666797,1887.0,4,-1.0,
base,active,1887.0,1887.0,2063.788848577647,4,199.0,False
base,active,1890.0,1895.8354653353545,2065.33871023968,8,200.0,False
base,active,1895.0,1921.0585510331562,2041.1507500361804,1,201.0,False
base,active,1899.0,1921.1941717502752,2027.3127415956003,10,202.0,False
base,active,1899.0,1929.1252878606256,2041.78419925175,15,203.0,False
base,active,1919.0,1929.7668497309219,2063.954444686787,3,204.0,False
base,active,1920.0,1941.8044217374002,2191.8214131187506,9,205.0,False
base,active,1922.0,1955.2895533566975,2068.9785630579154,5,206.0,False
base,active,1929.0,1955.3084355446147,2134.5790252524876,0,207.0,False
base,active,1930.0,1957.6671067208804,2157.5080513055495,13,208.0,False
base,active,1939.0,1969.8775125620639,2157.097367996681,6,209.0,False
base,active,1951.0,2014.7674399990663,2199.4481539333965,2,210.0,False
base,active,1978.0,2027.3127415956003,2101.595740487328,10,211.0,False
base,active,1981.0,2032.4229581002253,2101.3296675972906,7,212.0,False
base,active,1984.0,2041.1507500361804,2141.9580703671863,1,213.0,False
base,active,2003.0,2041.78419925175,2200.0893937065193,15,214.0,False
base,active,2016.0,2063.788848577647,2220.4007090024106,4,215.0,False
base,active,2034.0,2063.954444686787,2202.8669549579995,3,216.0,False
base,active,2053.0,2065.33871023968,2200.170836868121,8,217.0,False
base,active,2064.0,2068.9785630579154,2186.957724068613,5,218.0,False
base,active,,2088.2168947893033,2099.0,11,-1.0,
base,active,2099.0,2099.0,2258.0159352500896,11,219.0,False
base,active,,2101.3296675972906,2104.0,7,-1.0,
base,active,,2101.595740487328,2109.0,10,-1.0,
base,active,2104.0,2104.0,2234.922748044424,7,220.0,False
base,active,2109.0,2109.0,2235.457962399012,10,221.0,False
base,active,2120.0,2134.5790252524876,2297.650465287962,0,222.0,False
base,active,2126.0,2141.9580703671863,2321.6580761746313,1,223.0,False
base,active,2145.0,2157.097367996681,2271.409491266856,6,224.0,False
base,active,2154.0,2157.5080513055495,2303.6181758839634,13,225.0,False
base,active,2154.0,2186.957724068613,2352.1285494835897,5,226.0,False
base,active,2162.0,2191.8214131187506,2348.0820327320944,9,227.0,False
base,active,2171.0,2199.4481539333965,2328.905713210893,2,228.0,False
base,active,2190.0,2200.0893937065193,2378.7897359131302,15,229.0,False
base,active,,2200.170836868121,2213.0,8,-1.0,
base,active,,2202.8669549579995,2203.0,3,-1.0,
base,active,2203.0,2203.0,2334.3526457666567,3,230.0,False
base,active,2213.0,2213.0,2382.5032449043256,8,231.0,False
base,active,2214.0,2220.4007090024106,2357.7963902339516,4,232.0,False
base,active,2228.0,2234.922748044424,2356.0016804464103,7,233.0,False
base,active,2231.0,2235.457962399012,2337.1549251674487,10,234.0,False
base,active,2258.0,2258.0159352500896,2389.152453281007,11,235.0,False
base,active,2259.0,2271.409491266856,2396.5227600428743,6,236.0,False
base,active,2264.0,2297.650465287962,2481.240828241808,0,237.0,False
base,active,2267.0,2303.6181758839634,2449.7283004623773,13,238.0,False
base,active,2284.0,2321.6580761746313,2396.1678346801573,1,239.0,False
base,active,2289.0,2328.905713210893,2442.0679153765363,2,240.0,False
base,active,2295.0,2334.3526457666567,2519.569326128273,3,241.0,False
base,active,2296.0,2337.1549251674487,2430.8929951974856,10,242.0,False
base,active,2324.0,2348.0820327320944,2589.996621614975,9,243.0,False
base,active,2325.0,2352.1285494835897,2521.589526208046,5,244.0,False
base,active,2355.0,2356.0016804464103,2474.127468155665,7,245.0,False
base,active,,2357.7963902339516,2368.0,4,-1.0,
base,active,2368.0,2368.0,2488.101119957641,4,246.0,False
base,active,2373.0,2378.7897359131302,2496.304634864217,15,247.0,False
base,active,,2382.5032449043256,2393.0,8,-1.0,
base,active,,2389.152453281007,2405.0,11,-1.0,
base,active,2393.0,2393.0,2595.248189942661,8,248.0,False
base,active,,2396.1678346801573,2399.0,1,-1.0,
base,active,,2396.5227600428743,2400.0,6,-1.0,
base,active,2399.0,2399.0,2541.0068338575907,1,249.0,False
base,active,2400.0,2400.0,2557.516705293548,6,250.0,False
base,active,2405.0,2405.0,2581.5696423880863,11,251.0,False
base,active,2423.0,2430.8929951974856,2546.739100611965,10,252.0,False
base,active,,2442.0679153765363,2444.0,2,-1.0,
base,active,2444.0,2444.0,2557.1622021656435,2,253.0,False
base,active,2447.0,2449.7283004623773,2614.691344341232,13,254.0,False
base,active,2451.0,2474.127468155665,2638.519189384378,7,255.0,False
base,active,2456.0,2481.240828241808,2660.5114179496804,0,256.0,False
base,active,2457.0,2488.101119957641,2587.064442802737,4,257.0,False
base,active,2465.0,2496.304634864217,2585.6548059675224,15,258.0,False
base,active,2468.0,2519.569326128273,2609.342717119873,3,259.0,False
base,active,2481.0,2521.589526208046,2658.8743681114033,5,260.0,False
base,active,2489.0,2541.0068338575907,2713.6941565115744,1,261.0,False
base,active,2530.0,2546.739100611965,2663.4695274418227,10,262.0,False
base,active,2531.0,2557.1622021656435,2680.2826781218637,2,263.0,False
base,active,,2557.516705293548,2598.0,6,-1.0,
base,active,,2581.5696423880863,2614.0,11,-1.0,
base,active,,2585.6548059675224,2636.0,15,-1.0,
base,active,,2587.064442802737,2591.0,4,-1.0,
base,active,,2589.996621614975,2612.0,9,-1.0,
base,active,2591.0,2591.0,2767.788848577647,4,264.0,False
base,active,,2595.248189942661,2599.0,8,-1.0,
base,active,2598.0,2598.0,2723.1132687760182,6,265.0,False
base,active,2599.0,2599.0,2712.6442210154,8,266.0,False
base,active,,2609.342717119873,2611.0,3,-1.0,
base,active,2611.0,2611.0,2730.0678659467535,3,267.0,False
base,active,2612.0,2612.0,2805.3001738920625,9,268.0,False
base,active,2614.0,2614.0,2767.853080209502,11,269.0,False
base,active,,2614.691344341232,2624.0,13,-1.0,
base,active,2624.0,2624.0,2759.7410189631714,13,270.0,False
base,active,2636.0,2636.0,2803.0459720627014,15,271.0,False
base,active,,2638.519189384378,2639.0,7,-1.0,
base,active,2639.0,2639.0,2749.2507351953045,7,272.0,False
base,active,2639.0,2658.8743681114033,2805.81205046109,5,273.0,False
base,active,2645.0,2660.5114179496804,2857.0611006414447,0,274.0,False
base,active,,2663.4695274418227,2672.0,10,-1.0,
base,active,2672.0,2672.0,2786.0774625837244,10,275.0,False
base,active,2680.0,2680.2826781218637,2778.0548207929796,2,276.0,False
base,active,2700.0,2712.6442210154,2812.805229367956,8,277.0,False
base,active,,2713.6941565115744,2720.0,1,-1.0,
base,active,2720.0,2720.0,2847.981467550668,1,278.0,False
base,active,2722.0,2723.1132687760182,2861.7279694343406,6,279.0,False
base,active,2724.0,2730.0678659467535,2872.760308470244,3,280.0,False
base,active,2734.0,2749.2507351953045,2839.813839105733,7,281.0,False
base,active,2754.0,2759.7410189631714,2957.6966716177967,13,282.0,False
base,active,2757.0,2767.788848577647,2883.0859237369823,4,283.0,False
base,active,2758.0,2767.853080209502,2904.152453281007,11,284.0,False
base,active,2760.0,2778.0548207929796,2963.640832344635,2,285.0,False
base,active,2764.0,2786.0774625837244,2891.311711013672,10,286.0,False
base,active,2774.0,2803.0459720627014,2885.59776058206,15,287.0,False
base,active,2775.0,2805.3001738920625,2995.1278895704954,9,288.0,False
base,active,2778.0,2805.81205046109,2976.3455650129167,5,289.0,False
base,active,2796.0,2812.805229367956,3009.27489959797,8,290.0,False
base,active,2799.0,2839.813839105733,3023.893191619322,7,291.0,False
base,active,2811.0,2847.981467550668,3011.026350868643,1,292.0,False
base,active,2817.0,2857.0611006414447,2951.016168741354,0,293.0,False
base,active,2825.0,2861.7279694343406,3034.5462975278333,6,294.0,False
base,active,2829.0,2872.760308470244,2966.313631714122,3,295.0,False
base,active,2844.0,2883.0859237369823,3108.876029257347,4,296.0,False
base,active,,2885.59776058206,2933.0,15,-1.0,
base,active,,2891.311711013672,2898.0,10,-1.0,
base,active,2898.0,2898.0,3016.499069660613,10,297.0,False
base,active,,2904.152453281007,2923.0,11,-1.0,
base,active,2923.0,2923.0,3108.8627814611436,11,298.0,False
base,active,2933.0,2933.0,3064.111664118981,15,299.0,False
base,active,2938.0,2951.016168741354,3174.564434220448,0,300.0,False
base,active,2943.0,2957.6966716177967,3145.2832186571795,13,301.0,False
base,active,2944.0,2963.640832344635,3057.7917845464503,2,302.0,False
base,active,2954.0,2966.313631714122,3089.1614299131534,3,303.0,False
base,active,,2976.3455650129167,2984.0,5,-1.0,
base,active,2984.0,2984.0,3136.3003714865367,5,304.0,False
base,active,,2995.1278895704954,2998.0,9,-1.0,
base,active,2998.0,2998.0,3179.725313179963,9,305.0,False
base,active,3007.0,3009.27489959797,3208.633829684308,8,306.0,False
base,active,3009.0,3011.026350868643,3136.3780622367635,1,307.0,False
base,active,3010.0,3016.499069660613,3158.874817536424,10,308.0,False
base,active,3020.0,3023.893191619322,3219.785122903836,7,309.0,False
base,active,3025.0,3034.5462975278333,3193.863193739022,6,310.0,False
base,active,3035.0,3057.7917845464503,3244.283093715431,2,311.0,False
base,active,3036.0,3064.111664118981,3133.0666874704452,15,312.0,False
base,active,3046.0,3089.1614299131534,3186.494685409309,3,313.0,False
base,active,3050.0,3108.8627814611436,3220.3804503378296,11,314.0,False
base,active,3054.0,3108.876029257347,3329.862089979406,4,315.0,False
base,active,3055.0,3133.0666874704452,3234.0712287176602,15,316.0,False
base,active,3055.0,3136.3003714865367,3317.559264312063,5,317.0,False
base,active,3080.0,3136.3780622367635,3206.5048937713764,1,318.0,False
base,active,3090.0,3145.2832186571795,3296.1065730607033,13,319.0,False
base,active,3090.0,3158.874817536424,3293.291672673836,10,320.0,False
base,active,3109.0,3174.564434220448,3341.955647501896,0,321.0,False
base,active,3110.0,3179.725313179963,3268.8517406631295,9,322.0,False
base,active,3117.0,3186.494685409309,3330.132110995869,3,323.0,False
base,active,3128.0,3193.863193739022,3330.6777034797037,6,324.0,False
base,active,3129.0,3206.5048937713764,3281.0146522769023,1,325.0,False
base,active,3129.0,3208.633829684308,3375.24781473231,8,326.0,False
base,active,3131.0,3219.785122903836,3298.5356480433393,7,327.0,False
base,active,3135.0,3220.3804503378296,3392.8198086934462,11,328.0,False
base,active,3141.0,3234.0712287176602,3328.277387380928,15,329.0,False
base,active,3141.0,3244.283093715431,3428.058510032436,2,330.0,False
base,active,3150.0,3268.8517406631295,3517.71124597327,9,331.0,False
base,active,3156.0,3281.0146522769023,3406.366363645023,1,332.0,False
base,active,3161.0,3293.291672673836,3456.006813103334,10,333.0,False
base,active,3181.0,3296.1065730607033,3417.7079025485446,13,334.0,False
base,active,3207.0,3298.5356480433393,3494.4275793278534,7,335.0,False
base,active,3220.0,3317.559264312063,3456.9891818701603,5,336.0,False
base,active,3227.0,3328.277387380928,3463.2738415478784,15,337.0,False
base,active,3229.0,3329.862089979406,3539.3184431855316,4,338.0,False
base,active,3244.0,3330.132110995869,3439.750146311928,3,339.0,False
base,active,3262.0,3330.6777034797037,3508.8966043261184,6,340.0,False
base,active,3266.0,3341.955647501896,3606.541758817732,0,341.0,False
base,active,3267.0,3375.24781473231,3583.274524387619,8,342.0,False
base,active,3286.0,3392.8198086934462,3516.728329667542,11,343.0,False
base,active,3288.0,3406.366363645023,3536.1010019840564,1,344.0,False
base,switching_on,,3415.0,3715.0,20,-3.0,
base,active,3290.0,3417.7079025485446,3603.4091576578835,13,345.0,False
base,active,3306.0,3428.058510032436,3615.4551168187418,2,346.0,False
base,active,3341.0,3439.750146311928,3533.303469555806,3,347.0,False
base,active,3341.0,3456.006813103334,3620.490596363588,10,348.0,False
base,active,3348.0,3456.9891818701603,3612.5071668388073,5,349.0,False
base,active,3376.0,3463.2738415478784,3577.8751479629877,15,350.0,False
base,active,3392.0,3494.4275793278534,3698.194563126318,7,351.0,False
base,active,3396.0,3508.8966043261184,3733.020373572367,6,352.0,False
base,active,3400.0,3516.728329667542,3677.8094069338663,11,353.0,False
base,active,3408.0,3517.71124597327,3741.1060577167914,9,354.0,False
base,active,3411.0,3533.303469555806,3666.5460814486014,3,355.0,False
base,active,3411.0,3536.1010019840564,3647.427347045254,1,356.0,False
base,active,3411.0,3539.3184431855316,3676.7141244170725,4,357.0,False
base,active,3412.0,3577.8751479629877,3765.316267777531,15,358.0,False
base,active,3415.0,3583.274524387619,3747.9623361980716,8,359.0,False
base,switching_on,,3599.0,3899.0,28,-3.0,
base,active,3424.0,3603.4091576578835,3747.6339903062535,13,360.0,False
base,active,3439.0,3606.541758817732,3776.092858722166,0,361.0,False
base,active,3447.0,3612.5071668388073,3758.3723113611245,5,362.0,False
base,active,3466.0,3615.4551168187418,3789.2722593451704,2,363.0,False
base,active,3472.0,3620.490596363588,3784.9743796238417,10,364.0,False
base,active,3474.0,3647.427347045254,3741.2219842227987,1,365.0,False
base,active,3502.0,3666.5460814486014,3826.2482191073423,3,366.0,False
base,active,3509.0,3676.7141244170725,3835.2476027611583,4,367.0,False
base,active,3542.0,3677.8094069338663,3864.7047594031274,11,368.0,False
base,active,3553.0,3698.194563126318,3883.2582972041505,7,369.0,False
base,active,3563.0,3715.0,3906.4381048890614,20,370.0,False
base,switching_on,,3720.0,4020.0,22,-3.0,
base,switching_on,,3726.0,4026.0,19,-3.0,
base,active,3570.0,3733.020373572367,3862.634119642487,6,371.0,False
base,active,3582.0,3741.1060577167914,3898.5241634013455,9,372.0,False
base,active,3593.0,3741.2219842227987,3838.522962977074,1,373.0,False
base,active,3598.0,3747.6339903062535,3851.3250464586763,13,374.0,False
base,active,3599.0,3747.9623361980716,3841.3817382192055,8,375.0,False
base,active,3664.0,3758.3723113611245,3890.2944641276317,5,376.0,False
base,active,3667.0,3765.316267777531,3881.859969216625,15,377.0,False
base,active,3667.0,3776.092858722166,3888.40696311746,0,378.0,False
base,active,3669.0,3784.9743796238417,3907.895056361343,10,379.0,False
base,active,3679.0,3789.2722593451704,3958.5629137849733,2,380.0,False
base,active,3683.0,3826.2482191073423,3974.6105600092496,3,381.0,False
base,active,3687.0,3835.2476027611583,3962.074385436427,4,382.0,False
base,active,3687.0,3838.522962977074,4000.691260900866,1,383.0,False
base,active,3701.0,3841.3817382192055,3945.39509304686,8,384.0,False
base,active,3713.0,3851.3250464586763,4011.5748605124204,13,385.0,False
base,active,3720.0,3862.634119642487,3967.945288324459,6,386.0,False
base,active,3720.0,3864.7047594031274,4026.818407677569,11,387.0,False
base,active,3726.0,3881.859969216625,4054.733126351281,15,388.0,False
base,active,3738.0,3883.2582972041505,4080.1346100529086,7,389.0,False
base,active,3751.0,3888.40696311746,4063.35777957936,0,390.0,False
base,active,3759.0,3890.2944641276317,4032.9419951678387,5,391.0,False
base,active,3761.0,3898.5241634013455,4167.060931922055,9,392.0,False
base,active,3788.0,3899.0,4134.347424302414,28,393.0,False
base,active,3797.0,3906.4381048890614,4126.195456063487,20,394.0,False
base,active,3805.0,3907.895056361343,4040.543268667999,10,395.0,False
base,active,3806.0,3945.39509304686,4058.0762274434855,8,396.0,False
base,active,3826.0,3958.5629137849733,4082.5886873585187,2,397.0,False
base,active,3841.0,3962.074385436427,4072.5674157974563,4,398.0,False
base,active,3846.0,3967.945288324459,4122.761707241546,6,399.0,False
base,active,3857.0,3974.6105600092496,4126.752833163435,3,400.0,False
base,active,3862.0,4000.691260900866,4150.587363306101,1,401.0,False
base,active,3891.0,4011.5748605124204,4185.964364041495,13,402.0,False
base,active,3891.0,4020.0,4146.412388505173,22,403.0,False
base,active,3892.0,4026.0,4189.098316708627,19,404.0,False
base,active,3899.0,4026.818407677569,4132.14065050555,11,405.0,False
base,active,3915.0,4032.9419951678387,4146.631004869057,5,406.0,False
base,active,3917.0,4040.543268667999,4146.661838513324,10,407.0,False
base,active,3925.0,4054.733126351281,4172.248025302368,15,408.0,False
base,active,3931.0,4058.0762274434855,4217.9486061600655,8,409.0,False
base,active,3937.0,4063.35777957936,4214.549843188409,0,410.0,False
base,active,3942.0,4072.5674157974563,4226.296849343236,4,411.0,False
base,active,3953.0,4080.1346100529086,4164.791424577875,7,412.0,False
base,active,3964.0,4082.5886873585187,4162.254877683132,2,413.0,False
base,active,3976.0,4122.761707241546,4302.780799005601,6,414.0,False
base,active,3978.0,4126.195456063487,4348.218346940741,20,415.0,False
base,active,3991.0,4126.752833163435,4248.6556482993965,3,416.0,False
base,active,3996.0,4132.14065050555,4392.348544551151,11,417.0,False
base,active,4005.0,4134.347424302414,4285.965476497238,28,418.0,False
base,active,4019.0,4146.412388505173,4260.6270904001985,22,419.0,False
base,active,4047.0,4146.631004869057,4375.081562098862,5,420.0,False
base,active,4051.0,4146.661838513324,4208.564337589763,10,421.0,False
base,active,4060.0,4150.587363306101,4274.185903885856,1,422.0,False
base,active,4064.0,4162.254877683132,4292.617734577953,2,423.0,False
base,active,4065.0,4164.791424577875,4299.651698879274,7,424.0,False
base,active,4072.0,4167.060931922055,4336.053898318708,9,425.0,False
base,active,4073.0,4172.248025302368,4349.977169996986,15,426.0,False
base,active,4073.0,4185.964364041495,4296.253941949072,13,427.0,False
base,active,4073.0,4189.098316708627,4329.209622337515,19,428.0,False
base,active,4082.0,4208.564337589763,4335.022299988776,10,429.0,False
base,active,4092.0,4214.549843188409,4439.178051978996,0,430.0,False
base,active,4132.0,4217.9486061600655,4351.817646169732,8,431.0,False
base,active,4134.0,4226.296849343236,4387.712754566305,4,432.0,False
base,active,4144.0,4248.6556482993965,4421.58754884111,3,433.0,False
base,active,4160.0,4260.6270904001985,4351.55529967585,22,434.0,False
base,active,4170.0,4274.185903885856,4428.464933262004,1,435.0,False
base,active,4177.0,4285.965476497238,4343.670854571388,28,436.0,False
base,active,4183.0,4292.617734577953,4412.117020064873,2,437.0,False
base,active,4205.0,4296.253941949072,4457.446401967838,13,438.0,False
base,active,4209.0,4299.651698879274,4412.855578767309,7,439.0,False
base,active,4219.0,4302.780799005601,4409.892158605214,6,440.0,False
base,active,4220.0,4329.209622337515,4503.254134798399,19,441.0,False
base,active,4221.0,4335.022299988776,4493.315833341385,10,442.0,False
base,active,4235.0,4336.053898318708,4459.904907938173,9,443.0,False
base,active,4243.0,4343.670854571388,4511.129598786567,28,444.0,False
base,active,4248.0,4348.218346940741,4421.848387282687,20,445.0,False
base,active,4255.0,4349.977169996986,4515.080747035703,15,446.0,False
base,active,4257.0,4351.55529967585,4475.749926979178,22,447.0,False
base,active,4266.0,4351.817646169732,4496.280638985919,8,448.0,False
base,active,4267.0,4375.081562098862,4517.72909313907,5,449.0,False
base,active,4272.0,4387.712754566305,4559.697558345647,4,450.0,False
base,active,4275.0,4392.348544551151,4518.3222075414815,11,451.0,False
base,active,4289.0,4409.892158605214,4583.610582157527,6,452.0,False
base,active,4295.0,4412.117020064873,4531.616305551793,2,453.0,False
base,active,4303.0,4412.855578767309,4524.090695526857,7,454.0,False
base,active,4331.0,4421.58754884111,4632.318771905602,3,455.0,False
base,active,4332.0,4421.848387282687,4700.50977073067,20,456.0,False
base,active,4376.0,4428.464933262004,4517.000058074453,1,457.0,False
base,active,4377.0,4439.178051978996,4553.652042997276,0,458.0,False
base,active,4398.0,4457.446401967838,4553.596290400084,13,459.0,False
base,active,4410.0,4459.904907938173,4613.850555409097,9,460.0,False
base,active,4415.0,4475.749926979178,4686.437241154466,22,461.0,False
base,active,4415.0,4493.315833341385,4588.822546202177,10,462.0,False
base,active,4419.0,4496.280638985919,4674.4516634592155,8,463.0,False
base,active,4426.0,4503.254134798399,4623.662288073224,19,464.0,False
base,active,4440.0,4511.129598786567,4683.114255007562,28,465.0,False
base,active,4465.0,4515.080747035703,4655.904386274608,15,466.0,False
base,active,4475.0,4517.000058074453,4719.491284130647,1,467.0,False
base,active,4477.0,4517.72909313907,4673.247078107716,5,468.0,False
base,active,4481.0,4518.3222075414815,4671.1427167428665,11,469.0,False
base,active,4487.0,4524.090695526857,4666.826022342207,7,470.0,False
base,active,4491.0,4531.616305551793,4627.577852988258,2,471.0,False
base,active,4511.0,4553.596290400084,4679.9108497130355,13,472.0,False
base,active,4512.0,4553.652042997276,4654.086770966144,0,473.0,False
base,active,4527.0,4559.697558345647,4750.898541318211,4,474.0,False
base,active,4542.0,4583.610582157527,4702.423182721803,6,475.0,False
base,active,4555.0,4588.822546202177,4711.743222939679,10,476.0,False
base,active,4556.0,4613.850555409097,4745.803967527032,9,477.0,False
base,active,4560.0,4623.662288073224,4728.745767294889,19,478.0,False
base,active,4569.0,4627.577852988258,4709.054638547522,2,479.0,False
base,active,4571.0,4632.318771905602,4761.7814515461205,3,480.0,False
base,active,4575.0,4654.086770966144,4924.072598839447,0,481.0,False
base,active,4576.0,4655.904386274608,4804.497605609454,15,482.0,False
base,active,4577.0,4666.826022342207,4833.186506699407,7,483.0,False
base,active,4580.0,4671.1427167428665,4861.13578223648,11,484.0,False
base,active,4597.0,4673.247078107716,4797.6614660826335,5,485.0,False
base,active,4603.0,4674.4516634592155,4769.797238717899,8,486.0,False
base,active,4641.0,4679.9108497130355,4863.726812892331,13,487.0,False
base,active,4642.0,4683.114255007562,4815.4971811776695,28,488.0,False
base,active,4645.0,4686.437241154466,4871.620301508536,22,489.0,False
base,active,4656.0,4700.50977073067,4828.512763940516,20,490.0,False
base,active,4697.0,4702.423182721803,4855.439410721249,6,491.0,False
base,active,,4709.054638547522,4729.0,2,-1.0,
base,active,,4711.743222939679,4738.0,10,-1.0,
base,active,,4719.491284130647,4720.0,1,-1.0,
base,active,4720.0,4720.0,4867.2663462226865,1,492.0,False
base,active,,4728.745767294889,4745.0,19,-1.0,
base,active,4729.0,4729.0,4822.245654584491,2,493.0,False
base,active,4738.0,4738.0,4904.2524260910095,10,494.0,False
base,active,4745.0,4745.0,4897.15212095637,19,495.0,False
base,active,,4745.803967527032,4759.0,9,-1.0,
base,active,,4750.898541318211,4755.0,4,-1.0,
base,active,4755.0,4755.0,4883.748400594591,4,496.0,False
base,active,4759.0,4759.0,4885.165981761886,9,497.0,False
base,active,4761.0,4761.7814515461205,4903.528911006541,3,498.0,False
base,active,4763.0,4769.797238717899,4900.777018871241,8,499.0,False
base,active,4783.0,4797.6614660826335,4952.10691322391,5,500.0,False
base,active,,4804.497605609454,4904.497605609454,15,-1.0,
base,active,,4815.4971811776695,4915.4971811776695,28,-1.0,
base,active,,4822.245654584491,4922.245654584491,2,-1.0,
base,active,,4828.512763940516,4928.512763940516,20,-1.0,
base,active,,4833.186506699407,4933.186506699407,7,-1.0,
base,active,,4855.439410721249,4952.10691322391,6,-1.0,
base,active,,4861.13578223648,4952.10691322391,11,-1.0,
base,active,,4863.726812892331,4952.10691322391,13,-1.0,
base,active,,4867.2663462226865,4952.10691322391,1,-1.0,
base,active,,4871.620301508536,4952.10691322391,22,-1.0,
base,active,,4883.748400594591,4952.10691322391,4,-1.0,
base,active,,4885.165981761886,4952.10691322391,9,-1.0,
base,active,,4897.15212095637,4952.10691322391,19,-1.0,
base,active,,4900.777018871241,4952.10691322391,8,-1.0,
base,active,,4903.528911006541,4952.10691322391,3,-1.0,
base,active,,4904.2524260910095,4952.10691322391,10,-1.0,
base,switching_off,,4904.497605609454,4952.10691322391,15,-2.0,
base,switching_off,,4915.4971811776695,4952.10691322391,28,-2.0,
base,switching_off,,4922.245654584491,4952.10691322391,2,-2.0,
base,active,,4924.072598839447,4952.10691322391,0,-1.0,
base,switching_off,,4928.512763940516,4952.10691322391,20,-2.0,
base,switching_off,,4933.186506699407,4952.10691322391,7,-2.0,
